#0 building with "default" instance using docker driver

#1 [internal] load build definition from Dockerfile
#1 transferring dockerfile: 4.71kB done
#1 DONE 0.0s

#2 [internal] load metadata for docker.io/library/ubuntu:24.04
#2 DONE 0.0s

#3 [internal] load .dockerignore
#3 transferring context: 454B done
#3 DONE 0.0s

#4 [1/5] FROM docker.io/library/ubuntu:24.04@sha256:33ceb71981b602c1a7443a53469e4dba065f7503eab3078a2d7a57a2ab987517
#4 resolve docker.io/library/ubuntu:24.04@sha256:33ceb71981b602c1a7443a53469e4dba065f7503eab3078a2d7a57a2ab987517 done
#4 CACHED

#5 [internal] load build context
#5 transferring context: 3.87GB 5.0s
#5 transferring context: 8.02GB 10.1s
#5 ...

#6 [2/5] RUN apt-get update     && apt-get install -y --no-install-recommends         ca-certificates         curl         ffmpeg         git         libatomic1         libsndfile1         python3         python3.12-venv     && rm -rf /var/lib/apt/lists/*
#6 0.579 Get:1 http://archive.ubuntu.com/ubuntu noble InRelease [256 kB]
#6 2.282 Get:2 http://archive.ubuntu.com/ubuntu noble-updates InRelease [126 kB]
#6 2.317 Get:3 http://security.ubuntu.com/ubuntu noble-security InRelease [126 kB]
#6 2.562 Get:4 http://archive.ubuntu.com/ubuntu noble-backports InRelease [126 kB]
#6 3.074 Get:5 http://archive.ubuntu.com/ubuntu noble/multiverse amd64 Packages [331 kB]
#6 3.791 Get:6 http://archive.ubuntu.com/ubuntu noble/universe amd64 Packages [19.3 MB]
#6 5.056 Get:7 http://security.ubuntu.com/ubuntu noble-security/restricted amd64 Packages [1905 kB]
#6 8.029 Get:8 http://security.ubuntu.com/ubuntu noble-security/main amd64 Packages [1298 kB]
#6 8.672 Get:9 http://security.ubuntu.com/ubuntu noble-security/universe amd64 Packages [1545 kB]
#6 9.330 Get:10 http://security.ubuntu.com/ubuntu noble-security/multiverse amd64 Packages [50.0 kB]
#6 ...

#5 [internal] load build context
#5 transferring context: 12.03GB 15.1s
#5 transferring context: 15.90GB 20.2s
#5 ...

#6 [2/5] RUN apt-get update     && apt-get install -y --no-install-recommends         ca-certificates         curl         ffmpeg         git         libatomic1         libsndfile1         python3         python3.12-venv     && rm -rf /var/lib/apt/lists/*
#6 11.37 Get:11 http://archive.ubuntu.com/ubuntu noble/restricted amd64 Packages [117 kB]
#6 11.37 Get:12 http://archive.ubuntu.com/ubuntu noble/main amd64 Packages [1808 kB]
#6 11.55 Get:13 http://archive.ubuntu.com/ubuntu noble-updates/main amd64 Packages [1621 kB]
#6 12.20 Get:14 http://archive.ubuntu.com/ubuntu noble-updates/restricted amd64 Packages [2025 kB]
#6 12.67 Get:15 http://archive.ubuntu.com/ubuntu noble-updates/universe amd64 Packages [2161 kB]
#6 13.10 Get:16 http://archive.ubuntu.com/ubuntu noble-updates/multiverse amd64 Packages [56.2 kB]
#6 13.10 Get:17 http://archive.ubuntu.com/ubuntu noble-backports/main amd64 Packages [49.0 kB]
#6 13.10 Get:18 http://archive.ubuntu.com/ubuntu noble-backports/multiverse amd64 Packages [671 B]
#6 13.10 Get:19 http://archive.ubuntu.com/ubuntu noble-backports/universe amd64 Packages [36.0 kB]
#6 13.17 Fetched 33.0 MB in 13s (2537 kB/s)
#6 13.17 Reading package lists...
#6 13.83 Reading package lists...
#6 14.47 Building dependency tree...
#6 14.71 Reading state information...
#6 15.00 The following additional packages will be installed:
#6 15.00   fontconfig fontconfig-config fonts-dejavu-core fonts-dejavu-mono git-man
#6 15.00   libaom3 libapparmor1 libasound2-data libasound2t64 libass9 libasyncns0
#6 15.00   libavc1394-0 libavcodec60 libavdevice60 libavfilter9 libavformat60
#6 15.00   libavutil58 libblas3 libbluray2 libbrotli1 libbs2b0 libbsd0 libcaca0
#6 15.00   libcairo-gobject2 libcairo2 libcdio-cdda2t64 libcdio-paranoia2t64
#6 15.00   libcdio19t64 libchromaprint1 libcjson1 libcodec2-1.2 libcurl3t64-gnutls
#6 15.00   libcurl4t64 libdatrie1 libdav1d7 libdbus-1-3 libdc1394-25 libdecor-0-0
#6 15.00   libdeflate0 libdrm-amdgpu1 libdrm-common libdrm-intel1 libdrm2 libedit2
#6 15.00   libelf1t64 liberror-perl libexpat1 libfftw3-double3 libflac12t64 libflite1
#6 15.00   libfontconfig1 libfreetype6 libfribidi0 libgbm1 libgdbm-compat4t64
#6 15.00   libgdbm6t64 libgdk-pixbuf-2.0-0 libgdk-pixbuf2.0-common libgfortran5 libgl1
#6 15.00   libgl1-mesa-dri libglib2.0-0t64 libglvnd0 libglx-mesa0 libglx0 libgme0
#6 15.00   libgomp1 libgraphite2-3 libgsm1 libgssapi-krb5-2 libharfbuzz0b libhwy1t64
#6 15.00   libicu74 libiec61883-0 libjack-jackd2-0 libjbig0 libjpeg-turbo8 libjpeg8
#6 15.00   libjxl0.7 libk5crypto3 libkeyutils1 libkrb5-3 libkrb5support0 liblapack3
#6 15.00   liblcms2-2 libldap2 liblerc4 liblilv-0-0 libllvm20 libmbedcrypto7t64
#6 15.00   libmp3lame0 libmpg123-0t64 libmysofa1 libnghttp2-14 libnorm1t64 libnuma1
#6 15.00   libogg0 libopenal-data libopenal1 libopenjp2-7 libopenmpt0t64 libopus0
#6 15.00   libpango-1.0-0 libpangocairo-1.0-0 libpangoft2-1.0-0 libpciaccess0
#6 15.00   libperl5.38t64 libpgm-5.3-0t64 libpixman-1-0 libplacebo338 libpng16-16t64
#6 15.00   libpocketsphinx3 libpostproc57 libpsl5t64 libpulse0 libpython3-stdlib
#6 15.00   libpython3.12-minimal libpython3.12-stdlib librabbitmq4 librav1e0
#6 15.00   libraw1394-11 libreadline8t64 librist4 librsvg2-2 librtmp1 librubberband2
#6 15.00   libsamplerate0 libsasl2-2 libsasl2-modules-db libsdl2-2.0-0
#6 15.00   libsensors-config libsensors5 libserd-0-0 libsharpyuv0 libshine3 libslang2
#6 15.00   libsnappy1v5 libsndio7.0 libsodium23 libsord-0-0 libsoxr0 libspeex1
#6 15.00   libsphinxbase3t64 libsqlite3-0 libsratom-0-0 libsrt1.5-gnutls libssh-4
#6 15.00   libssh-gcrypt-4 libssl3t64 libsvtav1enc1d1 libswresample4 libswscale7
#6 15.00   libthai-data libthai0 libtheora0 libtiff6 libtwolame0 libudfread0
#6 15.00   libunibreak5 libusb-1.0-0 libva-drm2 libva-x11-2 libva2 libvdpau1
#6 15.00   libvidstab1.1 libvorbis0a libvorbisenc2 libvorbisfile3 libvpl2 libvpx9
#6 15.00   libvulkan1 libwayland-client0 libwayland-cursor0 libwayland-egl1 libwebp7
#6 15.00   libwebpmux3 libx11-6 libx11-data libx11-xcb1 libx264-164 libx265-199 libxau6
#6 15.00   libxcb-dri3-0 libxcb-glx0 libxcb-present0 libxcb-randr0 libxcb-render0
#6 15.00   libxcb-shape0 libxcb-shm0 libxcb-sync1 libxcb-xfixes0 libxcb1 libxcursor1
#6 15.00   libxdmcp6 libxext6 libxfixes3 libxi6 libxkbcommon0 libxml2 libxrandr2
#6 15.00   libxrender1 libxshmfence1 libxss1 libxv1 libxvidcore4 libxxf86vm1 libzimg2
#6 15.00   libzix-0-0 libzmq5 libzvbi-common libzvbi0t64 media-types mesa-libgallium
#6 15.00   netbase ocl-icd-libopencl1 openssl perl perl-base perl-modules-5.38
#6 15.00   python3-minimal python3-pip-whl python3-setuptools-whl python3.12
#6 15.00   python3.12-minimal readline-common shared-mime-info tzdata x11-common
#6 15.00   xkb-data
#6 15.00 Suggested packages:
#6 15.00   ffmpeg-doc gettext-base git-daemon-run | git-daemon-sysvinit git-doc
#6 15.00   git-email git-gui gitk gitweb git-cvs git-mediawiki git-svn alsa-utils
#6 15.00   libasound2-plugins libcuda1 libnvcuvid1 libnvidia-encode1 libbluray-bdj
#6 15.00   libfftw3-bin libfftw3-dev gdbm-l10n low-memory-monitor krb5-doc krb5-user
#6 15.00   jackd2 liblcms2-utils libportaudio2 opus-tools pciutils pulseaudio
#6 15.00   libraw1394-doc librsvg2-bin xdg-utils lm-sensors serdi sndiod sordi speex
#6 15.00   opencl-icd perl-doc libterm-readline-gnu-perl | libterm-readline-perl-perl
#6 15.00   make libtap-harness-archive-perl python3-doc python3-tk python3-venv
#6 15.00   python3.12-doc binutils binfmt-support readline-doc
#6 15.00 Recommended packages:
#6 15.00   patch less ssh-client alsa-ucm-conf alsa-topology-conf libaacs0 dbus
#6 15.00   default-libdecor-0-plugin-1 | libdecor-0-plugin-1 libgdk-pixbuf2.0-bin
#6 15.00   libglib2.0-data xdg-user-dirs krb5-locales libldap-common pocketsphinx-en-us
#6 15.00   publicsuffix librsvg2-common libsasl2-modules va-driver-all | va-driver
#6 15.00   vdpau-driver-all | vdpau-driver mesa-vulkan-drivers | vulkan-icd
#6 15.28 The following NEW packages will be installed:
#6 15.28   ca-certificates curl ffmpeg fontconfig fontconfig-config fonts-dejavu-core
#6 15.28   fonts-dejavu-mono git git-man libaom3 libapparmor1 libasound2-data
#6 15.28   libasound2t64 libass9 libasyncns0 libatomic1 libavc1394-0 libavcodec60
#6 15.28   libavdevice60 libavfilter9 libavformat60 libavutil58 libblas3 libbluray2
#6 15.28   libbrotli1 libbs2b0 libbsd0 libcaca0 libcairo-gobject2 libcairo2
#6 15.28   libcdio-cdda2t64 libcdio-paranoia2t64 libcdio19t64 libchromaprint1 libcjson1
#6 15.28   libcodec2-1.2 libcurl3t64-gnutls libcurl4t64 libdatrie1 libdav1d7
#6 15.28   libdbus-1-3 libdc1394-25 libdecor-0-0 libdeflate0 libdrm-amdgpu1
#6 15.28   libdrm-common libdrm-intel1 libdrm2 libedit2 libelf1t64 liberror-perl
#6 15.28   libexpat1 libfftw3-double3 libflac12t64 libflite1 libfontconfig1
#6 15.28   libfreetype6 libfribidi0 libgbm1 libgdbm-compat4t64 libgdbm6t64
#6 15.28   libgdk-pixbuf-2.0-0 libgdk-pixbuf2.0-common libgfortran5 libgl1
#6 15.28   libgl1-mesa-dri libglib2.0-0t64 libglvnd0 libglx-mesa0 libglx0 libgme0
#6 15.28   libgomp1 libgraphite2-3 libgsm1 libgssapi-krb5-2 libharfbuzz0b libhwy1t64
#6 15.28   libicu74 libiec61883-0 libjack-jackd2-0 libjbig0 libjpeg-turbo8 libjpeg8
#6 15.28   libjxl0.7 libk5crypto3 libkeyutils1 libkrb5-3 libkrb5support0 liblapack3
#6 15.28   liblcms2-2 libldap2 liblerc4 liblilv-0-0 libllvm20 libmbedcrypto7t64
#6 15.28   libmp3lame0 libmpg123-0t64 libmysofa1 libnghttp2-14 libnorm1t64 libnuma1
#6 15.28   libogg0 libopenal-data libopenal1 libopenjp2-7 libopenmpt0t64 libopus0
#6 15.28   libpango-1.0-0 libpangocairo-1.0-0 libpangoft2-1.0-0 libpciaccess0
#6 15.28   libperl5.38t64 libpgm-5.3-0t64 libpixman-1-0 libplacebo338 libpng16-16t64
#6 15.28   libpocketsphinx3 libpostproc57 libpsl5t64 libpulse0 libpython3-stdlib
#6 15.28   libpython3.12-minimal libpython3.12-stdlib librabbitmq4 librav1e0
#6 15.28   libraw1394-11 libreadline8t64 librist4 librsvg2-2 librtmp1 librubberband2
#6 15.28   libsamplerate0 libsasl2-2 libsasl2-modules-db libsdl2-2.0-0
#6 15.28   libsensors-config libsensors5 libserd-0-0 libsharpyuv0 libshine3 libslang2
#6 15.28   libsnappy1v5 libsndfile1 libsndio7.0 libsodium23 libsord-0-0 libsoxr0
#6 15.28   libspeex1 libsphinxbase3t64 libsqlite3-0 libsratom-0-0 libsrt1.5-gnutls
#6 15.28   libssh-4 libssh-gcrypt-4 libsvtav1enc1d1 libswresample4 libswscale7
#6 15.28   libthai-data libthai0 libtheora0 libtiff6 libtwolame0 libudfread0
#6 15.28   libunibreak5 libusb-1.0-0 libva-drm2 libva-x11-2 libva2 libvdpau1
#6 15.28   libvidstab1.1 libvorbis0a libvorbisenc2 libvorbisfile3 libvpl2 libvpx9
#6 15.28   libvulkan1 libwayland-client0 libwayland-cursor0 libwayland-egl1 libwebp7
#6 15.28   libwebpmux3 libx11-6 libx11-data libx11-xcb1 libx264-164 libx265-199 libxau6
#6 15.28   libxcb-dri3-0 libxcb-glx0 libxcb-present0 libxcb-randr0 libxcb-render0
#6 15.28   libxcb-shape0 libxcb-shm0 libxcb-sync1 libxcb-xfixes0 libxcb1 libxcursor1
#6 15.28   libxdmcp6 libxext6 libxfixes3 libxi6 libxkbcommon0 libxml2 libxrandr2
#6 15.28   libxrender1 libxshmfence1 libxss1 libxv1 libxvidcore4 libxxf86vm1 libzimg2
#6 15.28   libzix-0-0 libzmq5 libzvbi-common libzvbi0t64 media-types mesa-libgallium
#6 15.28   netbase ocl-icd-libopencl1 openssl perl perl-modules-5.38 python3
#6 15.28   python3-minimal python3-pip-whl python3-setuptools-whl python3.12
#6 15.28   python3.12-minimal python3.12-venv readline-common shared-mime-info tzdata
#6 15.28   x11-common xkb-data
#6 15.28 The following packages will be upgraded:
#6 15.28   libssl3t64 perl-base
#6 15.75 2 upgraded, 235 newly installed, 0 to remove and 30 not upgraded.
#6 15.75 Need to get 162 MB of archives.
#6 15.75 After this operation, 568 MB of additional disk space will be used.
#6 15.75 Get:1 http://archive.ubuntu.com/ubuntu noble-updates/main amd64 perl-base amd64 5.38.2-3.2ubuntu0.6 [1826 kB]
#6 19.74 Get:2 http://archive.ubuntu.com/ubuntu noble-updates/main amd64 libssl3t64 amd64 3.0.13-0ubuntu3.15 [1944 kB]
#6 21.25 Get:3 http://archive.ubuntu.com/ubuntu noble-updates/main amd64 libpython3.12-minimal amd64 3.12.3-1ubuntu0.17 [839 kB]
#6 ...

#5 [internal] load build context
#5 transferring context: 20.05GB 25.3s
#5 transferring context: 24.38GB 30.3s
#5 ...

#6 [2/5] RUN apt-get update     && apt-get install -y --no-install-recommends         ca-certificates         curl         ffmpeg         git         libatomic1         libsndfile1         python3         python3.12-venv     && rm -rf /var/lib/apt/lists/*
#6 21.70 Get:4 http://archive.ubuntu.com/ubuntu noble-updates/main amd64 libexpat1 amd64 2.6.1-2ubuntu0.5 [95.2 kB]
#6 21.70 Get:5 http://archive.ubuntu.com/ubuntu noble-updates/main amd64 python3.12-minimal amd64 3.12.3-1ubuntu0.17 [2335 kB]
#6 22.75 Get:6 http://archive.ubuntu.com/ubuntu noble-updates/main amd64 python3-minimal amd64 3.12.3-0ubuntu2.1 [27.4 kB]
#6 22.75 Get:7 http://archive.ubuntu.com/ubuntu noble/main amd64 media-types all 10.1.0 [27.5 kB]
#6 22.75 Get:8 http://archive.ubuntu.com/ubuntu noble/main amd64 netbase all 6.4 [13.1 kB]
#6 22.75 Get:9 http://archive.ubuntu.com/ubuntu noble-updates/main amd64 tzdata all 2026c-0ubuntu0.24.04.1 [280 kB]
#6 22.75 Get:10 http://archive.ubuntu.com/ubuntu noble/main amd64 readline-common all 8.2-4build1 [56.5 kB]
#6 22.75 Get:11 http://archive.ubuntu.com/ubuntu noble/main amd64 libreadline8t64 amd64 8.2-4build1 [153 kB]
#6 22.75 Get:12 http://archive.ubuntu.com/ubuntu noble-updates/main amd64 libsqlite3-0 amd64 3.45.1-1ubuntu2.8 [702 kB]
#6 22.75 Get:13 http://archive.ubuntu.com/ubuntu noble-updates/main amd64 libpython3.12-stdlib amd64 3.12.3-1ubuntu0.17 [2071 kB]
#6 23.69 Get:14 http://archive.ubuntu.com/ubuntu noble-updates/main amd64 python3.12 amd64 3.12.3-1ubuntu0.17 [651 kB]
#6 23.70 Get:15 http://archive.ubuntu.com/ubuntu noble-updates/main amd64 libpython3-stdlib amd64 3.12.3-0ubuntu2.1 [10.1 kB]
#6 23.70 Get:16 http://archive.ubuntu.com/ubuntu noble-updates/main amd64 python3 amd64 3.12.3-0ubuntu2.1 [23.0 kB]
#6 23.70 Get:17 http://archive.ubuntu.com/ubuntu noble-updates/main amd64 perl-modules-5.38 all 5.38.2-3.2ubuntu0.6 [3110 kB]
#6 23.80 Get:18 http://archive.ubuntu.com/ubuntu noble/main amd64 libgdbm6t64 amd64 1.23-5.1build1 [34.4 kB]
#6 23.80 Get:19 http://archive.ubuntu.com/ubuntu noble/main amd64 libgdbm-compat4t64 amd64 1.23-5.1build1 [6710 B]
#6 23.80 Get:20 http://archive.ubuntu.com/ubuntu noble-updates/main amd64 libperl5.38t64 amd64 5.38.2-3.2ubuntu0.6 [4864 kB]
#6 24.79 Get:21 http://archive.ubuntu.com/ubuntu noble-updates/main amd64 perl amd64 5.38.2-3.2ubuntu0.6 [231 kB]
#6 24.79 Get:22 http://archive.ubuntu.com/ubuntu noble-updates/main amd64 openssl amd64 3.0.13-0ubuntu3.15 [1003 kB]
#6 24.80 Get:23 http://archive.ubuntu.com/ubuntu noble-updates/main amd64 ca-certificates all 20260601~24.04.1 [139 kB]
#6 25.09 Get:24 http://archive.ubuntu.com/ubuntu noble-updates/main amd64 libapparmor1 amd64 4.0.1really4.0.1-0ubuntu0.24.04.8 [51.4 kB]
#6 25.09 Get:25 http://archive.ubuntu.com/ubuntu noble-updates/main amd64 libbsd0 amd64 0.12.1-1build1.1 [41.2 kB]
#6 25.09 Get:26 http://archive.ubuntu.com/ubuntu noble-updates/main amd64 libdbus-1-3 amd64 1.14.10-4ubuntu4.1 [210 kB]
#6 25.09 Get:27 http://archive.ubuntu.com/ubuntu noble-updates/main amd64 libelf1t64 amd64 0.190-1.1ubuntu0.1 [57.8 kB]
#6 25.09 Get:28 http://archive.ubuntu.com/ubuntu noble/main amd64 libfribidi0 amd64 1.0.13-3build1 [26.1 kB]
#6 25.09 Get:29 http://archive.ubuntu.com/ubuntu noble-updates/main amd64 libglib2.0-0t64 amd64 2.80.0-6ubuntu3.9 [1547 kB]
#6 25.29 Get:30 http://archive.ubuntu.com/ubuntu noble-updates/main amd64 libkrb5support0 amd64 1.20.1-6ubuntu2.10 [34.9 kB]
#6 25.29 Get:31 http://archive.ubuntu.com/ubuntu noble-updates/main amd64 libk5crypto3 amd64 1.20.1-6ubuntu2.10 [81.9 kB]
#6 25.29 Get:32 http://archive.ubuntu.com/ubuntu noble/main amd64 libkeyutils1 amd64 1.6.3-3build1 [9490 B]
#6 25.46 Get:33 http://archive.ubuntu.com/ubuntu noble-updates/main amd64 libkrb5-3 amd64 1.20.1-6ubuntu2.10 [348 kB]
#6 26.05 Get:34 http://archive.ubuntu.com/ubuntu noble-updates/main amd64 libgssapi-krb5-2 amd64 1.20.1-6ubuntu2.10 [143 kB]
#6 26.06 Get:35 http://archive.ubuntu.com/ubuntu noble-updates/main amd64 libicu74 amd64 74.2-1ubuntu3.1 [10.9 MB]
#6 27.36 Get:36 http://archive.ubuntu.com/ubuntu noble/main amd64 libslang2 amd64 2.3.3-3build2 [506 kB]
#6 27.69 Get:37 http://archive.ubuntu.com/ubuntu noble-updates/main amd64 libxml2 amd64 2.9.14+dfsg-1.3ubuntu3.9 [765 kB]
#6 27.69 Get:38 http://archive.ubuntu.com/ubuntu noble/main amd64 shared-mime-info amd64 2.4-4 [474 kB]
#6 28.00 Get:39 http://archive.ubuntu.com/ubuntu noble-updates/main amd64 xkb-data all 2.41-2ubuntu1.1 [397 kB]
#6 28.00 Get:40 http://archive.ubuntu.com/ubuntu noble-updates/main amd64 libdrm-common all 2.4.125-1ubuntu0.1~24.04.2 [9250 B]
#6 28.00 Get:41 http://archive.ubuntu.com/ubuntu noble-updates/main amd64 libdrm2 amd64 2.4.125-1ubuntu0.1~24.04.2 [41.4 kB]
#6 28.00 Get:42 http://archive.ubuntu.com/ubuntu noble/main amd64 libedit2 amd64 3.1-20230828-1build1 [97.6 kB]
#6 28.00 Get:43 http://archive.ubuntu.com/ubuntu noble-updates/main amd64 libnghttp2-14 amd64 1.59.0-1ubuntu0.4 [74.6 kB]
#6 28.00 Get:44 http://archive.ubuntu.com/ubuntu noble-updates/main amd64 libnuma1 amd64 2.0.18-1ubuntu0.24.04.1 [23.4 kB]
#6 28.00 Get:45 http://archive.ubuntu.com/ubuntu noble-updates/main amd64 libpng16-16t64 amd64 1.6.43-5ubuntu0.6 [189 kB]
#6 28.39 Get:46 http://archive.ubuntu.com/ubuntu noble/main amd64 libpsl5t64 amd64 0.21.2-1.1build1 [57.1 kB]
#6 28.39 Get:47 http://archive.ubuntu.com/ubuntu noble/main amd64 libsensors-config all 1:3.6.0-9build1 [5546 B]
#6 28.39 Get:48 http://archive.ubuntu.com/ubuntu noble/main amd64 libsensors5 amd64 1:3.6.0-9build1 [26.6 kB]
#6 28.39 Get:49 http://archive.ubuntu.com/ubuntu noble/main amd64 libusb-1.0-0 amd64 2:1.0.27-1 [54.0 kB]
#6 28.84 Get:50 http://archive.ubuntu.com/ubuntu noble/main amd64 libxau6 amd64 1:1.0.9-1build6 [7160 B]
#6 28.84 Get:51 http://archive.ubuntu.com/ubuntu noble/main amd64 libxdmcp6 amd64 1:1.1.3-0ubuntu6 [10.3 kB]
#6 28.84 Get:52 http://archive.ubuntu.com/ubuntu noble/main amd64 libxcb1 amd64 1.15-1ubuntu2 [47.7 kB]
#6 28.84 Get:53 http://archive.ubuntu.com/ubuntu noble/main amd64 libx11-data all 2:1.8.7-1build1 [115 kB]
#6 28.84 Get:54 http://archive.ubuntu.com/ubuntu noble/main amd64 libx11-6 amd64 2:1.8.7-1build1 [650 kB]
#6 29.27 Get:55 http://archive.ubuntu.com/ubuntu noble/main amd64 libxext6 amd64 2:1.3.4-1build2 [30.4 kB]
#6 29.48 Get:56 http://archive.ubuntu.com/ubuntu noble/main amd64 libxkbcommon0 amd64 1.6.0-1build1 [122 kB]
#6 29.48 Get:57 http://archive.ubuntu.com/ubuntu noble/main amd64 libbrotli1 amd64 1.1.0-2build2 [331 kB]
#6 29.49 Get:58 http://archive.ubuntu.com/ubuntu noble-updates/main amd64 libsasl2-modules-db amd64 2.1.28+dfsg1-5ubuntu3.1 [20.4 kB]
#6 29.51 Get:59 http://archive.ubuntu.com/ubuntu noble-updates/main amd64 libsasl2-2 amd64 2.1.28+dfsg1-5ubuntu3.1 [53.2 kB]
#6 29.51 Get:60 http://archive.ubuntu.com/ubuntu noble-updates/main amd64 libldap2 amd64 2.6.10+dfsg-0ubuntu0.24.04.1 [198 kB]
#6 29.70 Get:61 http://archive.ubuntu.com/ubuntu noble/main amd64 librtmp1 amd64 2.4+20151223.gitfa8646d.1-2build7 [56.3 kB]
#6 29.70 Get:62 http://archive.ubuntu.com/ubuntu noble-updates/main amd64 libssh-4 amd64 0.10.6-2ubuntu0.5 [191 kB]
#6 29.70 Get:63 http://archive.ubuntu.com/ubuntu noble-updates/main amd64 libcurl4t64 amd64 8.5.0-2ubuntu10.13 [343 kB]
#6 29.92 Get:64 http://archive.ubuntu.com/ubuntu noble-updates/main amd64 curl amd64 8.5.0-2ubuntu10.13 [226 kB]
#6 29.92 Get:65 http://archive.ubuntu.com/ubuntu noble-updates/main amd64 libaom3 amd64 3.8.2-2ubuntu0.2 [1942 kB]
#6 30.41 Get:66 http://archive.ubuntu.com/ubuntu noble-updates/universe amd64 libva2 amd64 2.20.0-2ubuntu0.2 [66.4 kB]
#6 30.41 Get:67 http://archive.ubuntu.com/ubuntu noble-updates/universe amd64 libva-drm2 amd64 2.20.0-2ubuntu0.2 [7124 B]
#6 30.41 Get:68 http://archive.ubuntu.com/ubuntu noble/main amd64 libx11-xcb1 amd64 2:1.8.7-1build1 [7800 B]
#6 30.41 Get:69 http://archive.ubuntu.com/ubuntu noble/main amd64 libxcb-dri3-0 amd64 1.15-1ubuntu2 [7142 B]
#6 30.41 Get:70 http://archive.ubuntu.com/ubuntu noble/main amd64 libxfixes3 amd64 1:6.0.0-2build1 [10.8 kB]
#6 30.41 Get:71 http://archive.ubuntu.com/ubuntu noble-updates/universe amd64 libva-x11-2 amd64 2.20.0-2ubuntu0.2 [12.0 kB]
#6 30.41 Get:72 http://archive.ubuntu.com/ubuntu noble/main amd64 libvdpau1 amd64 1.5-2build1 [27.8 kB]
#6 30.42 Get:73 http://archive.ubuntu.com/ubuntu noble-updates/main amd64 libpciaccess0 amd64 0.17-3ubuntu0.24.04.3 [19.2 kB]
#6 30.42 Get:74 http://archive.ubuntu.com/ubuntu noble-updates/main amd64 libdrm-intel1 amd64 2.4.125-1ubuntu0.1~24.04.2 [63.9 kB]
#6 30.64 Get:75 http://archive.ubuntu.com/ubuntu noble/main amd64 libwayland-client0 amd64 1.22.0-2.1build1 [26.4 kB]
#6 31.04 Get:76 http://archive.ubuntu.com/ubuntu noble/universe amd64 libvpl2 amd64 2023.3.0-1build1 [99.8 kB]
#6 31.26 Get:77 http://archive.ubuntu.com/ubuntu noble/universe amd64 ocl-icd-libopencl1 amd64 2.3.2-1build1 [38.5 kB]
#6 31.26 Get:78 http://archive.ubuntu.com/ubuntu noble/universe amd64 libavutil58 amd64 7:6.1.1-3ubuntu5 [401 kB]
#6 31.31 Get:79 http://archive.ubuntu.com/ubuntu noble-updates/main amd64 libfreetype6 amd64 2.13.2+dfsg-1ubuntu0.1 [402 kB]
#6 31.34 Get:80 http://archive.ubuntu.com/ubuntu noble/main amd64 fonts-dejavu-mono all 2.37-8 [502 kB]
#6 31.82 Get:81 http://archive.ubuntu.com/ubuntu noble/main amd64 fonts-dejavu-core all 2.37-8 [835 kB]
#6 31.95 Get:82 http://archive.ubuntu.com/ubuntu noble/main amd64 fontconfig-config amd64 2.15.0-1.1ubuntu2 [37.3 kB]
#6 ...

#5 [internal] load build context
#5 transferring context: 28.78GB 35.4s
#5 transferring context: 32.53GB 40.6s
#5 ...

#6 [2/5] RUN apt-get update     && apt-get install -y --no-install-recommends         ca-certificates         curl         ffmpeg         git         libatomic1         libsndfile1         python3         python3.12-venv     && rm -rf /var/lib/apt/lists/*
#6 31.95 Get:83 http://archive.ubuntu.com/ubuntu noble/main amd64 libfontconfig1 amd64 2.15.0-1.1ubuntu2 [139 kB]
#6 31.95 Get:84 http://archive.ubuntu.com/ubuntu noble/main amd64 libpixman-1-0 amd64 0.42.2-1build1 [279 kB]
#6 31.95 Get:85 http://archive.ubuntu.com/ubuntu noble/main amd64 libxcb-render0 amd64 1.15-1ubuntu2 [16.2 kB]
#6 31.95 Get:86 http://archive.ubuntu.com/ubuntu noble/main amd64 libxcb-shm0 amd64 1.15-1ubuntu2 [5756 B]
#6 31.95 Get:87 http://archive.ubuntu.com/ubuntu noble/main amd64 libxrender1 amd64 1:0.9.10-1.1build1 [19.0 kB]
#6 31.96 Get:88 http://archive.ubuntu.com/ubuntu noble/main amd64 libcairo2 amd64 1.18.0-3build1 [566 kB]
#6 32.19 Get:89 http://archive.ubuntu.com/ubuntu noble/universe amd64 libcodec2-1.2 amd64 1.2.0-2build1 [8998 kB]
#6 34.09 Get:90 http://archive.ubuntu.com/ubuntu noble/universe amd64 libdav1d7 amd64 1.4.1-1build1 [604 kB]
#6 34.09 Get:91 http://archive.ubuntu.com/ubuntu noble/universe amd64 libgsm1 amd64 1.0.22-1build1 [27.8 kB]
#6 34.09 Get:92 http://archive.ubuntu.com/ubuntu noble/universe amd64 libhwy1t64 amd64 1.0.7-8.1build1 [584 kB]
#6 34.09 Get:93 http://archive.ubuntu.com/ubuntu noble-updates/main amd64 liblcms2-2 amd64 2.14-2ubuntu0.1 [161 kB]
#6 34.09 Get:94 http://archive.ubuntu.com/ubuntu noble-updates/universe amd64 libjxl0.7 amd64 0.7.0-10.2ubuntu6.1 [1001 kB]
#6 34.10 Get:95 http://archive.ubuntu.com/ubuntu noble/main amd64 libmp3lame0 amd64 3.100-6build1 [142 kB]
#6 34.10 Get:96 http://archive.ubuntu.com/ubuntu noble-updates/main amd64 libopenjp2-7 amd64 2.5.0-2ubuntu0.5 [174 kB]
#6 34.10 Get:97 http://archive.ubuntu.com/ubuntu noble/main amd64 libopus0 amd64 1.4-1build1 [208 kB]
#6 34.10 Get:98 http://archive.ubuntu.com/ubuntu noble/universe amd64 librav1e0 amd64 0.7.1-2 [1022 kB]
#6 34.31 Get:99 http://archive.ubuntu.com/ubuntu noble/main amd64 libcairo-gobject2 amd64 1.18.0-3build1 [127 kB]
#6 34.54 Get:100 http://archive.ubuntu.com/ubuntu noble-updates/main amd64 libgdk-pixbuf2.0-common all 2.42.10+dfsg-3ubuntu3.3 [8302 B]
#6 34.54 Get:101 http://archive.ubuntu.com/ubuntu noble/main amd64 libjpeg-turbo8 amd64 2.1.5-2ubuntu2 [150 kB]
#6 35.37 Get:102 http://archive.ubuntu.com/ubuntu noble/main amd64 libjpeg8 amd64 8c-2ubuntu11 [2148 B]
#6 35.58 Get:103 http://archive.ubuntu.com/ubuntu noble-updates/main amd64 libdeflate0 amd64 1.19-1build1.1 [43.9 kB]
#6 35.91 Get:104 http://archive.ubuntu.com/ubuntu noble/main amd64 libjbig0 amd64 2.1-6.1ubuntu2 [29.7 kB]
#6 36.35 Get:105 http://archive.ubuntu.com/ubuntu noble/main amd64 liblerc4 amd64 4.0.0+ds-4ubuntu2 [179 kB]
#6 36.83 Get:106 http://archive.ubuntu.com/ubuntu noble/main amd64 libsharpyuv0 amd64 1.3.2-0.4build3 [15.8 kB]
#6 36.83 Get:107 http://archive.ubuntu.com/ubuntu noble/main amd64 libwebp7 amd64 1.3.2-0.4build3 [230 kB]
#6 37.38 Get:108 http://archive.ubuntu.com/ubuntu noble-updates/main amd64 libtiff6 amd64 4.5.1+git230720-4ubuntu2.5 [200 kB]
#6 37.60 Get:109 http://archive.ubuntu.com/ubuntu noble-updates/main amd64 libgdk-pixbuf-2.0-0 amd64 2.42.10+dfsg-3ubuntu3.3 [147 kB]
#6 37.93 Get:110 http://archive.ubuntu.com/ubuntu noble/main amd64 fontconfig amd64 2.15.0-1.1ubuntu2 [180 kB]
#6 38.23 Get:111 http://archive.ubuntu.com/ubuntu noble-updates/main amd64 libgraphite2-3 amd64 1.3.14-2ubuntu0.24.04.1 [73.4 kB]
#6 38.31 Get:112 http://archive.ubuntu.com/ubuntu noble/main amd64 libharfbuzz0b amd64 8.3.0-2build2 [469 kB]
#6 38.56 Get:113 http://archive.ubuntu.com/ubuntu noble/main amd64 libthai-data all 0.1.29-2build1 [158 kB]
#6 39.04 Get:114 http://archive.ubuntu.com/ubuntu noble/main amd64 libdatrie1 amd64 0.2.13-3build1 [19.0 kB]
#6 39.04 Get:115 http://archive.ubuntu.com/ubuntu noble/main amd64 libthai0 amd64 0.1.29-2build1 [18.9 kB]
#6 39.05 Get:116 http://archive.ubuntu.com/ubuntu noble/main amd64 libpango-1.0-0 amd64 1.52.1+ds-1build1 [231 kB]
#6 39.05 Get:117 http://archive.ubuntu.com/ubuntu noble/main amd64 libpangoft2-1.0-0 amd64 1.52.1+ds-1build1 [42.5 kB]
#6 39.06 Get:118 http://archive.ubuntu.com/ubuntu noble/main amd64 libpangocairo-1.0-0 amd64 1.52.1+ds-1build1 [28.8 kB]
#6 39.06 Get:119 http://archive.ubuntu.com/ubuntu noble/main amd64 librsvg2-2 amd64 2.58.0+dfsg-1build1 [2135 kB]
#6 40.11 Get:120 http://archive.ubuntu.com/ubuntu noble/universe amd64 libshine3 amd64 3.1.1-2build1 [23.2 kB]
#6 40.12 Get:121 http://archive.ubuntu.com/ubuntu noble/main amd64 libsnappy1v5 amd64 1.1.10-1build1 [28.6 kB]
#6 40.13 Get:122 http://archive.ubuntu.com/ubuntu noble-updates/main amd64 libspeex1 amd64 1.2.1-2ubuntu2.24.04.1 [59.6 kB]
#6 40.41 Get:123 http://archive.ubuntu.com/ubuntu noble/universe amd64 libsvtav1enc1d1 amd64 1.7.0+dfsg-2build1 [2425 kB]
#6 41.62 Get:124 http://archive.ubuntu.com/ubuntu noble-updates/main amd64 libgomp1 amd64 14.2.0-4ubuntu2~24.04.1 [148 kB]
#6 41.62 Get:125 http://archive.ubuntu.com/ubuntu noble/universe amd64 libsoxr0 amd64 0.1.3-4build3 [80.0 kB]
#6 41.65 Get:126 http://archive.ubuntu.com/ubuntu noble/universe amd64 libswresample4 amd64 7:6.1.1-3ubuntu5 [63.8 kB]
#6 41.68 Get:127 http://archive.ubuntu.com/ubuntu noble/main amd64 libogg0 amd64 1.3.5-3build1 [22.7 kB]
#6 41.68 Get:128 http://archive.ubuntu.com/ubuntu noble/main amd64 libtheora0 amd64 1.1.1+dfsg.1-16.1build3 [211 kB]
#6 41.79 Get:129 http://archive.ubuntu.com/ubuntu noble/main amd64 libtwolame0 amd64 0.4.0-2build3 [52.3 kB]
#6 41.79 Get:130 http://archive.ubuntu.com/ubuntu noble/main amd64 libvorbis0a amd64 1.3.7-1build3 [97.6 kB]
#6 41.85 Get:131 http://archive.ubuntu.com/ubuntu noble/main amd64 libvorbisenc2 amd64 1.3.7-1build3 [80.8 kB]
#6 41.85 Get:132 http://archive.ubuntu.com/ubuntu noble-updates/main amd64 libvpx9 amd64 1.14.0-1ubuntu2.3 [1143 kB]
#6 ...

#5 [internal] load build context
#5 transferring context: 36.36GB 45.6s
#5 transferring context: 38.92GB 50.8s
#5 ...

#6 [2/5] RUN apt-get update     && apt-get install -y --no-install-recommends         ca-certificates         curl         ffmpeg         git         libatomic1         libsndfile1         python3         python3.12-venv     && rm -rf /var/lib/apt/lists/*
#6 42.53 Get:133 http://archive.ubuntu.com/ubuntu noble/main amd64 libwebpmux3 amd64 1.3.2-0.4build3 [25.7 kB]
#6 42.53 Get:134 http://archive.ubuntu.com/ubuntu noble/universe amd64 libx264-164 amd64 2:0.164.3108+git31e19f9-1 [604 kB]
#6 42.69 Get:135 http://archive.ubuntu.com/ubuntu noble/universe amd64 libx265-199 amd64 3.5-2build1 [1226 kB]
#6 43.41 Get:136 http://archive.ubuntu.com/ubuntu noble/universe amd64 libxvidcore4 amd64 2:1.3.7-1build1 [219 kB]
#6 43.41 Get:137 http://archive.ubuntu.com/ubuntu noble/universe amd64 libzvbi-common all 0.2.42-2 [42.4 kB]
#6 43.41 Get:138 http://archive.ubuntu.com/ubuntu noble/universe amd64 libzvbi0t64 amd64 0.2.42-2 [261 kB]
#6 43.47 Get:139 http://archive.ubuntu.com/ubuntu noble/universe amd64 libavcodec60 amd64 7:6.1.1-3ubuntu5 [5851 kB]
#6 45.45 Get:140 http://archive.ubuntu.com/ubuntu noble-updates/main amd64 libasound2-data all 1.2.11-1ubuntu0.3 [21.4 kB]
#6 45.46 Get:141 http://archive.ubuntu.com/ubuntu noble-updates/main amd64 libasound2t64 amd64 1.2.11-1ubuntu0.3 [398 kB]
#6 45.46 Get:142 http://archive.ubuntu.com/ubuntu noble/main amd64 libraw1394-11 amd64 2.1.2-2build3 [26.2 kB]
#6 45.46 Get:143 http://archive.ubuntu.com/ubuntu noble/main amd64 libavc1394-0 amd64 0.5.4-5build3 [15.4 kB]
#6 45.46 Get:144 http://archive.ubuntu.com/ubuntu noble/universe amd64 libunibreak5 amd64 5.1-2build1 [25.0 kB]
#6 45.46 Get:145 http://archive.ubuntu.com/ubuntu noble/universe amd64 libass9 amd64 1:0.17.1-2build1 [104 kB]
#6 45.46 Get:146 http://archive.ubuntu.com/ubuntu noble/universe amd64 libudfread0 amd64 1.1.2-1build1 [19.0 kB]
#6 45.46 Get:147 http://archive.ubuntu.com/ubuntu noble/universe amd64 libbluray2 amd64 1:1.3.4-1build1 [159 kB]
#6 45.47 Get:148 http://archive.ubuntu.com/ubuntu noble/universe amd64 libchromaprint1 amd64 1.5.1-5 [30.5 kB]
#6 45.66 Get:149 http://archive.ubuntu.com/ubuntu noble/universe amd64 libgme0 amd64 0.6.3-7build1 [134 kB]
#6 46.20 Get:150 http://archive.ubuntu.com/ubuntu noble-updates/main amd64 libmpg123-0t64 amd64 1.32.5-1ubuntu1.1 [169 kB]
#6 46.20 Get:151 http://archive.ubuntu.com/ubuntu noble/main amd64 libvorbisfile3 amd64 1.3.7-1build3 [17.1 kB]
#6 46.20 Get:152 http://archive.ubuntu.com/ubuntu noble/universe amd64 libopenmpt0t64 amd64 0.7.3-1.1build3 [647 kB]
#6 46.22 Get:153 http://archive.ubuntu.com/ubuntu noble-updates/main amd64 librabbitmq4 amd64 0.11.0-1ubuntu0.2 [38.3 kB]
#6 46.46 Get:154 http://archive.ubuntu.com/ubuntu noble/universe amd64 libcjson1 amd64 1.7.17-1 [24.8 kB]
#6 46.46 Get:155 http://archive.ubuntu.com/ubuntu noble/universe amd64 libmbedcrypto7t64 amd64 2.28.8-1 [209 kB]
#6 46.47 Get:156 http://archive.ubuntu.com/ubuntu noble/universe amd64 librist4 amd64 0.2.10+dfsg-2 [74.9 kB]
#6 46.47 Get:157 http://archive.ubuntu.com/ubuntu noble/universe amd64 libsrt1.5-gnutls amd64 1.5.3-1build2 [316 kB]
#6 46.91 Get:158 http://archive.ubuntu.com/ubuntu noble-updates/main amd64 libssh-gcrypt-4 amd64 0.10.6-2ubuntu0.5 [226 kB]
#6 46.91 Get:159 http://archive.ubuntu.com/ubuntu noble/universe amd64 libnorm1t64 amd64 1.5.9+dfsg-3.1build1 [154 kB]
#6 46.91 Get:160 http://archive.ubuntu.com/ubuntu noble/universe amd64 libpgm-5.3-0t64 amd64 5.3.128~dfsg-2.1build1 [167 kB]
#6 46.91 Get:161 http://archive.ubuntu.com/ubuntu noble-updates/main amd64 libsodium23 amd64 1.0.18-1ubuntu0.24.04.1 [161 kB]
#6 46.95 Get:162 http://archive.ubuntu.com/ubuntu noble/universe amd64 libzmq5 amd64 4.3.5-1build2 [260 kB]
#6 47.02 Get:163 http://archive.ubuntu.com/ubuntu noble/universe amd64 libavformat60 amd64 7:6.1.1-3ubuntu5 [1153 kB]
#6 47.19 Get:164 http://archive.ubuntu.com/ubuntu noble/universe amd64 libbs2b0 amd64 3.1.0+dfsg-7build1 [10.6 kB]
#6 47.19 Get:165 http://archive.ubuntu.com/ubuntu noble/universe amd64 libflite1 amd64 2.2-6build3 [13.6 MB]
#6 50.30 Get:166 http://archive.ubuntu.com/ubuntu noble/universe amd64 libserd-0-0 amd64 0.32.2-1 [43.6 kB]
#6 50.30 Get:167 http://archive.ubuntu.com/ubuntu noble/universe amd64 libzix-0-0 amd64 0.4.2-2build1 [23.6 kB]
#6 50.30 Get:168 http://archive.ubuntu.com/ubuntu noble/universe amd64 libsord-0-0 amd64 0.16.16-2build1 [15.8 kB]
#6 50.30 Get:169 http://archive.ubuntu.com/ubuntu noble/universe amd64 libsratom-0-0 amd64 0.6.16-1build1 [17.3 kB]
#6 50.30 Get:170 http://archive.ubuntu.com/ubuntu noble/universe amd64 liblilv-0-0 amd64 0.24.22-1build1 [41.0 kB]
#6 50.33 Get:171 http://archive.ubuntu.com/ubuntu noble/universe amd64 libmysofa1 amd64 1.3.2+dfsg-2ubuntu2 [1158 kB]
#6 50.96 Get:172 http://archive.ubuntu.com/ubuntu noble/main amd64 libvulkan1 amd64 1.3.275.0-1build1 [142 kB]
#6 50.96 Get:173 http://archive.ubuntu.com/ubuntu noble/universe amd64 libplacebo338 amd64 6.338.2-2build1 [2654 kB]
#6 51.05 Get:174 http://archive.ubuntu.com/ubuntu noble-updates/main amd64 libblas3 amd64 3.12.0-3build1.1 [238 kB]
#6 51.05 Get:175 http://archive.ubuntu.com/ubuntu noble-updates/main amd64 libgfortran5 amd64 14.2.0-4ubuntu2~24.04.1 [916 kB]
#6 51.45 Get:176 http://archive.ubuntu.com/ubuntu noble-updates/main amd64 liblapack3 amd64 3.12.0-3build1.1 [2646 kB]
#6 51.95 Get:177 http://archive.ubuntu.com/ubuntu noble/main amd64 libasyncns0 amd64 0.8-6build4 [11.3 kB]
#6 51.95 Get:178 http://archive.ubuntu.com/ubuntu noble/main amd64 libflac12t64 amd64 1.4.3+ds-2.1ubuntu2 [197 kB]
#6 51.95 Get:179 http://archive.ubuntu.com/ubuntu noble-updates/main amd64 libsndfile1 amd64 1.2.2-1ubuntu5.24.04.1 [209 kB]
#6 51.96 Get:180 http://archive.ubuntu.com/ubuntu noble-updates/main amd64 libpulse0 amd64 1:16.1+dfsg1-2ubuntu10.1 [292 kB]
#6 51.96 Get:181 http://archive.ubuntu.com/ubuntu noble/universe amd64 libsphinxbase3t64 amd64 0.8+5prealpha+1-17build2 [126 kB]
#6 51.96 Get:182 http://archive.ubuntu.com/ubuntu noble/universe amd64 libpocketsphinx3 amd64 0.8.0+real5prealpha+1-15ubuntu5 [133 kB]
#6 51.96 Get:183 http://archive.ubuntu.com/ubuntu noble/universe amd64 libpostproc57 amd64 7:6.1.1-3ubuntu5 [49.9 kB]
#6 51.96 Get:184 http://archive.ubuntu.com/ubuntu noble/main amd64 libfftw3-double3 amd64 3.3.10-1ubuntu3 [838 kB]
#6 51.96 Get:185 http://archive.ubuntu.com/ubuntu noble/main amd64 libsamplerate0 amd64 0.2.2-4build1 [1344 kB]
#6 52.62 Get:186 http://archive.ubuntu.com/ubuntu noble/universe amd64 librubberband2 amd64 3.3.0+dfsg-2build1 [130 kB]
#6 52.62 Get:187 http://archive.ubuntu.com/ubuntu noble/universe amd64 libswscale7 amd64 7:6.1.1-3ubuntu5 [193 kB]
#6 52.63 Get:188 http://archive.ubuntu.com/ubuntu noble/universe amd64 libvidstab1.1 amd64 1.1.0-2build1 [38.5 kB]
#6 52.63 Get:189 http://archive.ubuntu.com/ubuntu noble/universe amd64 libzimg2 amd64 3.0.5+ds1-1build1 [254 kB]
#6 52.63 Get:190 http://archive.ubuntu.com/ubuntu noble/universe amd64 libavfilter9 amd64 7:6.1.1-3ubuntu5 [4235 kB]
#6 ...

#5 [internal] load build context
#5 transferring context: 42.61GB 55.8s
#5 transferring context: 44.90GB 60.8s
#5 ...

#6 [2/5] RUN apt-get update     && apt-get install -y --no-install-recommends         ca-certificates         curl         ffmpeg         git         libatomic1         libsndfile1         python3         python3.12-venv     && rm -rf /var/lib/apt/lists/*
#6 53.44 Get:191 http://archive.ubuntu.com/ubuntu noble-updates/main amd64 libcaca0 amd64 0.99.beta20-4ubuntu0.2 [209 kB]
#6 53.44 Get:192 http://archive.ubuntu.com/ubuntu noble-updates/main amd64 libcdio19t64 amd64 2.1.0-4.1ubuntu1.2 [62.4 kB]
#6 53.44 Get:193 http://archive.ubuntu.com/ubuntu noble/main amd64 libcdio-cdda2t64 amd64 10.2+2.0.1-1.1build2 [16.5 kB]
#6 53.44 Get:194 http://archive.ubuntu.com/ubuntu noble/main amd64 libcdio-paranoia2t64 amd64 10.2+2.0.1-1.1build2 [16.6 kB]
#6 53.44 Get:195 http://archive.ubuntu.com/ubuntu noble/universe amd64 libdc1394-25 amd64 2.2.6-4build1 [90.1 kB]
#6 53.44 Get:196 http://archive.ubuntu.com/ubuntu noble/main amd64 libglvnd0 amd64 1.7.0-1build1 [69.6 kB]
#6 53.44 Get:197 http://archive.ubuntu.com/ubuntu noble/main amd64 libxcb-glx0 amd64 1.15-1ubuntu2 [24.8 kB]
#6 53.44 Get:198 http://archive.ubuntu.com/ubuntu noble/main amd64 libxcb-present0 amd64 1.15-1ubuntu2 [5676 B]
#6 53.44 Get:199 http://archive.ubuntu.com/ubuntu noble/main amd64 libxcb-xfixes0 amd64 1.15-1ubuntu2 [10.2 kB]
#6 53.64 Get:200 http://archive.ubuntu.com/ubuntu noble/main amd64 libxxf86vm1 amd64 1:1.1.4-1build4 [9282 B]
#6 53.90 Get:201 http://archive.ubuntu.com/ubuntu noble-updates/main amd64 libdrm-amdgpu1 amd64 2.4.125-1ubuntu0.1~24.04.2 [21.4 kB]
#6 53.90 Get:202 http://archive.ubuntu.com/ubuntu noble-updates/main amd64 libllvm20 amd64 1:20.1.2-0ubuntu1~24.04.3 [30.6 MB]
#6 57.73 Get:203 http://archive.ubuntu.com/ubuntu noble/main amd64 libxcb-randr0 amd64 1.15-1ubuntu2 [17.9 kB]
#6 58.10 Get:204 http://archive.ubuntu.com/ubuntu noble/main amd64 libxcb-sync1 amd64 1.15-1ubuntu2 [9312 B]
#6 58.13 Get:205 http://archive.ubuntu.com/ubuntu noble/main amd64 libxshmfence1 amd64 1.3-1build5 [4764 B]
#6 58.16 Get:206 http://archive.ubuntu.com/ubuntu noble-updates/main amd64 mesa-libgallium amd64 25.2.8-0ubuntu0.24.04.2 [10.8 MB]
#6 61.26 Get:207 http://archive.ubuntu.com/ubuntu noble-updates/main amd64 libgbm1 amd64 25.2.8-0ubuntu0.24.04.2 [34.2 kB]
#6 61.27 Get:208 http://archive.ubuntu.com/ubuntu noble-updates/main amd64 libgl1-mesa-dri amd64 25.2.8-0ubuntu0.24.04.2 [37.9 kB]
#6 61.27 Get:209 http://archive.ubuntu.com/ubuntu noble-updates/main amd64 libglx-mesa0 amd64 25.2.8-0ubuntu0.24.04.2 [110 kB]
#6 61.27 Get:210 http://archive.ubuntu.com/ubuntu noble/main amd64 libglx0 amd64 1.7.0-1build1 [38.6 kB]
#6 61.27 Get:211 http://archive.ubuntu.com/ubuntu noble/main amd64 libgl1 amd64 1.7.0-1build1 [102 kB]
#6 61.27 Get:212 http://archive.ubuntu.com/ubuntu noble/main amd64 libiec61883-0 amd64 1.2.0-6build1 [24.5 kB]
#6 61.27 Get:213 http://archive.ubuntu.com/ubuntu noble/main amd64 libjack-jackd2-0 amd64 1.9.21~dfsg-3ubuntu3 [289 kB]
#6 61.28 Get:214 http://archive.ubuntu.com/ubuntu noble/universe amd64 libopenal-data all 1:1.23.1-4build1 [161 kB]
#6 61.28 Get:215 http://archive.ubuntu.com/ubuntu noble/universe amd64 libsndio7.0 amd64 1.9.0-0.3build3 [29.6 kB]
#6 61.71 Get:216 http://archive.ubuntu.com/ubuntu noble/universe amd64 libopenal1 amd64 1:1.23.1-4build1 [540 kB]
#6 61.95 Get:217 http://archive.ubuntu.com/ubuntu noble/main amd64 libdecor-0-0 amd64 0.2.2-1build2 [16.5 kB]
#6 61.95 Get:218 http://archive.ubuntu.com/ubuntu noble/main amd64 libwayland-cursor0 amd64 1.22.0-2.1build1 [10.4 kB]
#6 61.95 Get:219 http://archive.ubuntu.com/ubuntu noble/main amd64 libwayland-egl1 amd64 1.22.0-2.1build1 [5628 B]
#6 61.95 Get:220 http://archive.ubuntu.com/ubuntu noble/main amd64 libxcursor1 amd64 1:1.2.1-1build1 [20.7 kB]
#6 61.95 Get:221 http://archive.ubuntu.com/ubuntu noble/main amd64 libxi6 amd64 2:1.8.1-1build1 [32.4 kB]
#6 61.95 Get:222 http://archive.ubuntu.com/ubuntu noble/main amd64 libxrandr2 amd64 2:1.5.2-2build1 [19.7 kB]
#6 61.95 Get:223 http://archive.ubuntu.com/ubuntu noble/main amd64 x11-common all 1:7.7+23ubuntu3 [21.7 kB]
#6 61.95 Get:224 http://archive.ubuntu.com/ubuntu noble/main amd64 libxss1 amd64 1:1.2.3-1build3 [7204 B]
#6 61.95 Get:225 http://archive.ubuntu.com/ubuntu noble-updates/main amd64 libsdl2-2.0-0 amd64 2.30.0+dfsg-1ubuntu3.1 [686 kB]
#6 62.14 Get:226 http://archive.ubuntu.com/ubuntu noble/main amd64 libxcb-shape0 amd64 1.15-1ubuntu2 [6100 B]
#6 62.33 Get:227 http://archive.ubuntu.com/ubuntu noble/main amd64 libxv1 amd64 2:1.0.11-1.1build1 [10.7 kB]
#6 62.33 Get:228 http://archive.ubuntu.com/ubuntu noble/universe amd64 libavdevice60 amd64 7:6.1.1-3ubuntu5 [82.3 kB]
#6 62.57 Get:229 http://archive.ubuntu.com/ubuntu noble/universe amd64 ffmpeg amd64 7:6.1.1-3ubuntu5 [1879 kB]
#6 62.82 Get:230 http://archive.ubuntu.com/ubuntu noble-updates/main amd64 libcurl3t64-gnutls amd64 8.5.0-2ubuntu10.13 [335 kB]
#6 62.82 Get:231 http://archive.ubuntu.com/ubuntu noble/main amd64 liberror-perl all 0.17029-2 [25.6 kB]
#6 62.82 Get:232 http://archive.ubuntu.com/ubuntu noble-updates/main amd64 git-man all 1:2.43.0-1ubuntu7.3 [1100 kB]
#6 62.83 Get:233 http://archive.ubuntu.com/ubuntu noble-updates/main amd64 git amd64 1:2.43.0-1ubuntu7.3 [3680 kB]
#6 62.84 Get:234 http://archive.ubuntu.com/ubuntu noble-updates/main amd64 libatomic1 amd64 14.2.0-4ubuntu2~24.04.1 [10.5 kB]
#6 62.84 Get:235 http://archive.ubuntu.com/ubuntu noble-updates/universe amd64 python3-pip-whl all 24.0+dfsg-1ubuntu1.3 [1707 kB]
#6 62.85 Get:236 http://archive.ubuntu.com/ubuntu noble-updates/universe amd64 python3-setuptools-whl all 68.1.2-2ubuntu1.2 [716 kB]
#6 62.85 Get:237 http://archive.ubuntu.com/ubuntu noble-updates/universe amd64 python3.12-venv amd64 3.12.3-1ubuntu0.17 [5684 B]
#6 63.01 debconf: delaying package configuration, since apt-utils is not installed
#6 63.04 Fetched 162 MB in 48s (3414 kB/s)
#6 63.07 (Reading database ... (Reading database ... 5%(Reading database ... 10%(Reading database ... 15%(Reading database ... 20%(Reading database ... 25%(Reading database ... 30%(Reading database ... 35%(Reading database ... 40%(Reading database ... 45%(Reading database ... 50%(Reading database ... 55%(Reading database ... 60%(Reading database ... 65%(Reading database ... 70%(Reading database ... 75%(Reading database ... 80%(Reading database ... 85%(Reading database ... 90%(Reading database ... 95%(Reading database ... 100%(Reading database ... 4381 files and directories currently installed.)
#6 63.08 Preparing to unpack .../perl-base_5.38.2-3.2ubuntu0.6_amd64.deb ...
#6 63.09 Unpacking perl-base (5.38.2-3.2ubuntu0.6) over (5.38.2-3.2ubuntu0.3) ...
#6 ...

#5 [internal] load build context
#5 transferring context: 48.53GB 65.9s
#5 ...

#6 [2/5] RUN apt-get update     && apt-get install -y --no-install-recommends         ca-certificates         curl         ffmpeg         git         libatomic1         libsndfile1         python3         python3.12-venv     && rm -rf /var/lib/apt/lists/*
#6 63.93 Setting up perl-base (5.38.2-3.2ubuntu0.6) ...
#6 63.96 (Reading database ... (Reading database ... 5%(Reading database ... 10%(Reading database ... 15%(Reading database ... 20%(Reading database ... 25%(Reading database ... 30%(Reading database ... 35%(Reading database ... 40%(Reading database ... 45%(Reading database ... 50%(Reading database ... 55%(Reading database ... 60%(Reading database ... 65%(Reading database ... 70%(Reading database ... 75%(Reading database ... 80%(Reading database ... 85%(Reading database ... 90%(Reading database ... 95%(Reading database ... 100%(Reading database ... 4381 files and directories currently installed.)
#6 63.96 Preparing to unpack .../libssl3t64_3.0.13-0ubuntu3.15_amd64.deb ...
#6 63.96 Unpacking libssl3t64:amd64 (3.0.13-0ubuntu3.15) over (3.0.13-0ubuntu3.12) ...
#6 64.02 Setting up libssl3t64:amd64 (3.0.13-0ubuntu3.15) ...
#6 64.04 Selecting previously unselected package libpython3.12-minimal:amd64.
#6 64.04 (Reading database ... (Reading database ... 5%(Reading database ... 10%(Reading database ... 15%(Reading database ... 20%(Reading database ... 25%(Reading database ... 30%(Reading database ... 35%(Reading database ... 40%(Reading database ... 45%(Reading database ... 50%(Reading database ... 55%(Reading database ... 60%(Reading database ... 65%(Reading database ... 70%(Reading database ... 75%(Reading database ... 80%(Reading database ... 85%(Reading database ... 90%(Reading database ... 95%(Reading database ... 100%(Reading database ... 4381 files and directories currently installed.)
#6 64.05 Preparing to unpack .../libpython3.12-minimal_3.12.3-1ubuntu0.17_amd64.deb ...
#6 64.05 Unpacking libpython3.12-minimal:amd64 (3.12.3-1ubuntu0.17) ...
#6 64.10 Selecting previously unselected package libexpat1:amd64.
#6 64.11 Preparing to unpack .../libexpat1_2.6.1-2ubuntu0.5_amd64.deb ...
#6 64.11 Unpacking libexpat1:amd64 (2.6.1-2ubuntu0.5) ...
#6 64.12 Selecting previously unselected package python3.12-minimal.
#6 64.13 Preparing to unpack .../python3.12-minimal_3.12.3-1ubuntu0.17_amd64.deb ...
#6 64.13 Unpacking python3.12-minimal (3.12.3-1ubuntu0.17) ...
#6 64.17 Setting up libpython3.12-minimal:amd64 (3.12.3-1ubuntu0.17) ...
#6 64.18 Setting up libexpat1:amd64 (2.6.1-2ubuntu0.5) ...
#6 64.18 Setting up python3.12-minimal (3.12.3-1ubuntu0.17) ...
#6 64.65 Selecting previously unselected package python3-minimal.
#6 64.65 (Reading database ... (Reading database ... 5%(Reading database ... 10%(Reading database ... 15%(Reading database ... 20%(Reading database ... 25%(Reading database ... 30%(Reading database ... 35%(Reading database ... 40%(Reading database ... 45%(Reading database ... 50%(Reading database ... 55%(Reading database ... 60%(Reading database ... 65%(Reading database ... 70%(Reading database ... 75%(Reading database ... 80%(Reading database ... 85%(Reading database ... 90%(Reading database ... 95%(Reading database ... 100%(Reading database ... 4700 files and directories currently installed.)
#6 64.65 Preparing to unpack .../0-python3-minimal_3.12.3-0ubuntu2.1_amd64.deb ...
#6 64.65 Unpacking python3-minimal (3.12.3-0ubuntu2.1) ...
#6 64.67 Selecting previously unselected package media-types.
#6 64.67 Preparing to unpack .../1-media-types_10.1.0_all.deb ...
#6 64.67 Unpacking media-types (10.1.0) ...
#6 64.68 Selecting previously unselected package netbase.
#6 64.68 Preparing to unpack .../2-netbase_6.4_all.deb ...
#6 64.69 Unpacking netbase (6.4) ...
#6 64.70 Selecting previously unselected package tzdata.
#6 64.70 Preparing to unpack .../3-tzdata_2026c-0ubuntu0.24.04.1_all.deb ...
#6 64.70 Unpacking tzdata (2026c-0ubuntu0.24.04.1) ...
#6 64.73 Selecting previously unselected package readline-common.
#6 64.73 Preparing to unpack .../4-readline-common_8.2-4build1_all.deb ...
#6 64.74 Unpacking readline-common (8.2-4build1) ...
#6 64.76 Selecting previously unselected package libreadline8t64:amd64.
#6 64.76 Preparing to unpack .../5-libreadline8t64_8.2-4build1_amd64.deb ...
#6 64.76 Adding 'diversion of /lib/x86_64-linux-gnu/libhistory.so.8 to /lib/x86_64-linux-gnu/libhistory.so.8.usr-is-merged by libreadline8t64'
#6 64.76 Adding 'diversion of /lib/x86_64-linux-gnu/libhistory.so.8.2 to /lib/x86_64-linux-gnu/libhistory.so.8.2.usr-is-merged by libreadline8t64'
#6 64.77 Adding 'diversion of /lib/x86_64-linux-gnu/libreadline.so.8 to /lib/x86_64-linux-gnu/libreadline.so.8.usr-is-merged by libreadline8t64'
#6 64.77 Adding 'diversion of /lib/x86_64-linux-gnu/libreadline.so.8.2 to /lib/x86_64-linux-gnu/libreadline.so.8.2.usr-is-merged by libreadline8t64'
#6 64.77 Unpacking libreadline8t64:amd64 (8.2-4build1) ...
#6 64.79 Selecting previously unselected package libsqlite3-0:amd64.
#6 64.79 Preparing to unpack .../6-libsqlite3-0_3.45.1-1ubuntu2.8_amd64.deb ...
#6 64.79 Unpacking libsqlite3-0:amd64 (3.45.1-1ubuntu2.8) ...
#6 64.81 Selecting previously unselected package libpython3.12-stdlib:amd64.
#6 64.81 Preparing to unpack .../7-libpython3.12-stdlib_3.12.3-1ubuntu0.17_amd64.deb ...
#6 64.81 Unpacking libpython3.12-stdlib:amd64 (3.12.3-1ubuntu0.17) ...
#6 64.86 Selecting previously unselected package python3.12.
#6 64.86 Preparing to unpack .../8-python3.12_3.12.3-1ubuntu0.17_amd64.deb ...
#6 64.86 Unpacking python3.12 (3.12.3-1ubuntu0.17) ...
#6 64.88 Selecting previously unselected package libpython3-stdlib:amd64.
#6 64.88 Preparing to unpack .../9-libpython3-stdlib_3.12.3-0ubuntu2.1_amd64.deb ...
#6 64.89 Unpacking libpython3-stdlib:amd64 (3.12.3-0ubuntu2.1) ...
#6 64.91 Setting up python3-minimal (3.12.3-0ubuntu2.1) ...
#6 65.03 Selecting previously unselected package python3.
#6 65.03 (Reading database ... (Reading database ... 5%(Reading database ... 10%(Reading database ... 15%(Reading database ... 20%(Reading database ... 25%(Reading database ... 30%(Reading database ... 35%(Reading database ... 40%(Reading database ... 45%(Reading database ... 50%(Reading database ... 55%(Reading database ... 60%(Reading database ... 65%(Reading database ... 70%(Reading database ... 75%(Reading database ... 80%(Reading database ... 85%(Reading database ... 90%(Reading database ... 95%(Reading database ... 100%(Reading database ... 5706 files and directories currently installed.)
#6 65.03 Preparing to unpack .../000-python3_3.12.3-0ubuntu2.1_amd64.deb ...
#6 65.04 Unpacking python3 (3.12.3-0ubuntu2.1) ...
#6 65.06 Selecting previously unselected package perl-modules-5.38.
#6 65.06 Preparing to unpack .../001-perl-modules-5.38_5.38.2-3.2ubuntu0.6_all.deb ...
#6 65.06 Unpacking perl-modules-5.38 (5.38.2-3.2ubuntu0.6) ...
#6 65.17 Selecting previously unselected package libgdbm6t64:amd64.
#6 65.17 Preparing to unpack .../002-libgdbm6t64_1.23-5.1build1_amd64.deb ...
#6 65.17 Unpacking libgdbm6t64:amd64 (1.23-5.1build1) ...
#6 65.19 Selecting previously unselected package libgdbm-compat4t64:amd64.
#6 65.19 Preparing to unpack .../003-libgdbm-compat4t64_1.23-5.1build1_amd64.deb ...
#6 65.19 Unpacking libgdbm-compat4t64:amd64 (1.23-5.1build1) ...
#6 65.21 Selecting previously unselected package libperl5.38t64:amd64.
#6 65.21 Preparing to unpack .../004-libperl5.38t64_5.38.2-3.2ubuntu0.6_amd64.deb ...
#6 65.21 Unpacking libperl5.38t64:amd64 (5.38.2-3.2ubuntu0.6) ...
#6 65.30 Selecting previously unselected package perl.
#6 65.30 Preparing to unpack .../005-perl_5.38.2-3.2ubuntu0.6_amd64.deb ...
#6 65.30 Unpacking perl (5.38.2-3.2ubuntu0.6) ...
#6 65.37 Selecting previously unselected package openssl.
#6 65.38 Preparing to unpack .../006-openssl_3.0.13-0ubuntu3.15_amd64.deb ...
#6 65.39 Unpacking openssl (3.0.13-0ubuntu3.15) ...
#6 65.48 Selecting previously unselected package ca-certificates.
#6 65.48 Preparing to unpack .../007-ca-certificates_20260601~24.04.1_all.deb ...
#6 65.48 Unpacking ca-certificates (20260601~24.04.1) ...
#6 65.51 Selecting previously unselected package libapparmor1:amd64.
#6 65.51 Preparing to unpack .../008-libapparmor1_4.0.1really4.0.1-0ubuntu0.24.04.8_amd64.deb ...
#6 65.51 Unpacking libapparmor1:amd64 (4.0.1really4.0.1-0ubuntu0.24.04.8) ...
#6 65.54 Selecting previously unselected package libbsd0:amd64.
#6 65.54 Preparing to unpack .../009-libbsd0_0.12.1-1build1.1_amd64.deb ...
#6 65.54 Unpacking libbsd0:amd64 (0.12.1-1build1.1) ...
#6 65.56 Selecting previously unselected package libdbus-1-3:amd64.
#6 65.57 Preparing to unpack .../010-libdbus-1-3_1.14.10-4ubuntu4.1_amd64.deb ...
#6 65.57 Unpacking libdbus-1-3:amd64 (1.14.10-4ubuntu4.1) ...
#6 65.59 Selecting previously unselected package libelf1t64:amd64.
#6 65.59 Preparing to unpack .../011-libelf1t64_0.190-1.1ubuntu0.1_amd64.deb ...
#6 65.59 Unpacking libelf1t64:amd64 (0.190-1.1ubuntu0.1) ...
#6 65.60 Selecting previously unselected package libfribidi0:amd64.
#6 65.60 Preparing to unpack .../012-libfribidi0_1.0.13-3build1_amd64.deb ...
#6 65.61 Unpacking libfribidi0:amd64 (1.0.13-3build1) ...
#6 65.63 Selecting previously unselected package libglib2.0-0t64:amd64.
#6 65.63 Preparing to unpack .../013-libglib2.0-0t64_2.80.0-6ubuntu3.9_amd64.deb ...
#6 65.64 Unpacking libglib2.0-0t64:amd64 (2.80.0-6ubuntu3.9) ...
#6 65.67 Selecting previously unselected package libkrb5support0:amd64.
#6 65.67 Preparing to unpack .../014-libkrb5support0_1.20.1-6ubuntu2.10_amd64.deb ...
#6 65.67 Unpacking libkrb5support0:amd64 (1.20.1-6ubuntu2.10) ...
#6 65.69 Selecting previously unselected package libk5crypto3:amd64.
#6 65.69 Preparing to unpack .../015-libk5crypto3_1.20.1-6ubuntu2.10_amd64.deb ...
#6 65.69 Unpacking libk5crypto3:amd64 (1.20.1-6ubuntu2.10) ...
#6 65.71 Selecting previously unselected package libkeyutils1:amd64.
#6 65.71 Preparing to unpack .../016-libkeyutils1_1.6.3-3build1_amd64.deb ...
#6 65.71 Unpacking libkeyutils1:amd64 (1.6.3-3build1) ...
#6 65.73 Selecting previously unselected package libkrb5-3:amd64.
#6 65.74 Preparing to unpack .../017-libkrb5-3_1.20.1-6ubuntu2.10_amd64.deb ...
#6 65.74 Unpacking libkrb5-3:amd64 (1.20.1-6ubuntu2.10) ...
#6 65.76 Selecting previously unselected package libgssapi-krb5-2:amd64.
#6 65.76 Preparing to unpack .../018-libgssapi-krb5-2_1.20.1-6ubuntu2.10_amd64.deb ...
#6 65.76 Unpacking libgssapi-krb5-2:amd64 (1.20.1-6ubuntu2.10) ...
#6 65.78 Selecting previously unselected package libicu74:amd64.
#6 65.78 Preparing to unpack .../019-libicu74_74.2-1ubuntu3.1_amd64.deb ...
#6 65.79 Unpacking libicu74:amd64 (74.2-1ubuntu3.1) ...
#6 65.98 Selecting previously unselected package libslang2:amd64.
#6 65.98 Preparing to unpack .../020-libslang2_2.3.3-3build2_amd64.deb ...
#6 65.99 Unpacking libslang2:amd64 (2.3.3-3build2) ...
#6 66.01 Selecting previously unselected package libxml2:amd64.
#6 66.01 Preparing to unpack .../021-libxml2_2.9.14+dfsg-1.3ubuntu3.9_amd64.deb ...
#6 66.02 Unpacking libxml2:amd64 (2.9.14+dfsg-1.3ubuntu3.9) ...
#6 66.05 Selecting previously unselected package shared-mime-info.
#6 66.05 Preparing to unpack .../022-shared-mime-info_2.4-4_amd64.deb ...
#6 66.05 Unpacking shared-mime-info (2.4-4) ...
#6 66.07 Selecting previously unselected package xkb-data.
#6 66.07 Preparing to unpack .../023-xkb-data_2.41-2ubuntu1.1_all.deb ...
#6 66.08 Unpacking xkb-data (2.41-2ubuntu1.1) ...
#6 66.11 Selecting previously unselected package libdrm-common.
#6 66.11 Preparing to unpack .../024-libdrm-common_2.4.125-1ubuntu0.1~24.04.2_all.deb ...
#6 66.11 Unpacking libdrm-common (2.4.125-1ubuntu0.1~24.04.2) ...
#6 66.13 Selecting previously unselected package libdrm2:amd64.
#6 66.13 Preparing to unpack .../025-libdrm2_2.4.125-1ubuntu0.1~24.04.2_amd64.deb ...
#6 66.13 Unpacking libdrm2:amd64 (2.4.125-1ubuntu0.1~24.04.2) ...
#6 66.15 Selecting previously unselected package libedit2:amd64.
#6 66.15 Preparing to unpack .../026-libedit2_3.1-20230828-1build1_amd64.deb ...
#6 66.15 Unpacking libedit2:amd64 (3.1-20230828-1build1) ...
#6 66.16 Selecting previously unselected package libnghttp2-14:amd64.
#6 66.17 Preparing to unpack .../027-libnghttp2-14_1.59.0-1ubuntu0.4_amd64.deb ...
#6 66.17 Unpacking libnghttp2-14:amd64 (1.59.0-1ubuntu0.4) ...
#6 66.19 Selecting previously unselected package libnuma1:amd64.
#6 66.19 Preparing to unpack .../028-libnuma1_2.0.18-1ubuntu0.24.04.1_amd64.deb ...
#6 66.19 Unpacking libnuma1:amd64 (2.0.18-1ubuntu0.24.04.1) ...
#6 66.20 Selecting previously unselected package libpng16-16t64:amd64.
#6 66.21 Preparing to unpack .../029-libpng16-16t64_1.6.43-5ubuntu0.6_amd64.deb ...
#6 66.21 Unpacking libpng16-16t64:amd64 (1.6.43-5ubuntu0.6) ...
#6 66.23 Selecting previously unselected package libpsl5t64:amd64.
#6 66.23 Preparing to unpack .../030-libpsl5t64_0.21.2-1.1build1_amd64.deb ...
#6 66.23 Unpacking libpsl5t64:amd64 (0.21.2-1.1build1) ...
#6 66.24 Selecting previously unselected package libsensors-config.
#6 66.24 Preparing to unpack .../031-libsensors-config_1%3a3.6.0-9build1_all.deb ...
#6 66.25 Unpacking libsensors-config (1:3.6.0-9build1) ...
#6 66.26 Selecting previously unselected package libsensors5:amd64.
#6 66.26 Preparing to unpack .../032-libsensors5_1%3a3.6.0-9build1_amd64.deb ...
#6 66.27 Unpacking libsensors5:amd64 (1:3.6.0-9build1) ...
#6 66.28 Selecting previously unselected package libusb-1.0-0:amd64.
#6 66.28 Preparing to unpack .../033-libusb-1.0-0_2%3a1.0.27-1_amd64.deb ...
#6 66.28 Unpacking libusb-1.0-0:amd64 (2:1.0.27-1) ...
#6 66.30 Selecting previously unselected package libxau6:amd64.
#6 66.30 Preparing to unpack .../034-libxau6_1%3a1.0.9-1build6_amd64.deb ...
#6 66.30 Unpacking libxau6:amd64 (1:1.0.9-1build6) ...
#6 66.32 Selecting previously unselected package libxdmcp6:amd64.
#6 66.32 Preparing to unpack .../035-libxdmcp6_1%3a1.1.3-0ubuntu6_amd64.deb ...
#6 66.32 Unpacking libxdmcp6:amd64 (1:1.1.3-0ubuntu6) ...
#6 66.34 Selecting previously unselected package libxcb1:amd64.
#6 66.34 Preparing to unpack .../036-libxcb1_1.15-1ubuntu2_amd64.deb ...
#6 66.34 Unpacking libxcb1:amd64 (1.15-1ubuntu2) ...
#6 66.35 Selecting previously unselected package libx11-data.
#6 66.35 Preparing to unpack .../037-libx11-data_2%3a1.8.7-1build1_all.deb ...
#6 66.36 Unpacking libx11-data (2:1.8.7-1build1) ...
#6 66.38 Selecting previously unselected package libx11-6:amd64.
#6 66.38 Preparing to unpack .../038-libx11-6_2%3a1.8.7-1build1_amd64.deb ...
#6 66.39 Unpacking libx11-6:amd64 (2:1.8.7-1build1) ...
#6 66.47 Selecting previously unselected package libxext6:amd64.
#6 66.47 Preparing to unpack .../039-libxext6_2%3a1.3.4-1build2_amd64.deb ...
#6 66.51 Unpacking libxext6:amd64 (2:1.3.4-1build2) ...
#6 66.73 Selecting previously unselected package libxkbcommon0:amd64.
#6 66.73 Preparing to unpack .../040-libxkbcommon0_1.6.0-1build1_amd64.deb ...
#6 66.74 Unpacking libxkbcommon0:amd64 (1.6.0-1build1) ...
#6 66.78 Selecting previously unselected package libbrotli1:amd64.
#6 66.78 Preparing to unpack .../041-libbrotli1_1.1.0-2build2_amd64.deb ...
#6 66.79 Unpacking libbrotli1:amd64 (1.1.0-2build2) ...
#6 66.82 Selecting previously unselected package libsasl2-modules-db:amd64.
#6 66.82 Preparing to unpack .../042-libsasl2-modules-db_2.1.28+dfsg1-5ubuntu3.1_amd64.deb ...
#6 66.82 Unpacking libsasl2-modules-db:amd64 (2.1.28+dfsg1-5ubuntu3.1) ...
#6 66.86 Selecting previously unselected package libsasl2-2:amd64.
#6 66.86 Preparing to unpack .../043-libsasl2-2_2.1.28+dfsg1-5ubuntu3.1_amd64.deb ...
#6 66.87 Unpacking libsasl2-2:amd64 (2.1.28+dfsg1-5ubuntu3.1) ...
#6 66.90 Selecting previously unselected package libldap2:amd64.
#6 66.90 Preparing to unpack .../044-libldap2_2.6.10+dfsg-0ubuntu0.24.04.1_amd64.deb ...
#6 66.91 Unpacking libldap2:amd64 (2.6.10+dfsg-0ubuntu0.24.04.1) ...
#6 66.95 Selecting previously unselected package librtmp1:amd64.
#6 66.95 Preparing to unpack .../045-librtmp1_2.4+20151223.gitfa8646d.1-2build7_amd64.deb ...
#6 66.95 Unpacking librtmp1:amd64 (2.4+20151223.gitfa8646d.1-2build7) ...
#6 66.99 Selecting previously unselected package libssh-4:amd64.
#6 66.99 Preparing to unpack .../046-libssh-4_0.10.6-2ubuntu0.5_amd64.deb ...
#6 67.00 Unpacking libssh-4:amd64 (0.10.6-2ubuntu0.5) ...
#6 67.04 Selecting previously unselected package libcurl4t64:amd64.
#6 67.04 Preparing to unpack .../047-libcurl4t64_8.5.0-2ubuntu10.13_amd64.deb ...
#6 67.05 Unpacking libcurl4t64:amd64 (8.5.0-2ubuntu10.13) ...
#6 67.08 Selecting previously unselected package curl.
#6 67.08 Preparing to unpack .../048-curl_8.5.0-2ubuntu10.13_amd64.deb ...
#6 67.08 Unpacking curl (8.5.0-2ubuntu10.13) ...
#6 67.11 Selecting previously unselected package libaom3:amd64.
#6 67.11 Preparing to unpack .../049-libaom3_3.8.2-2ubuntu0.2_amd64.deb ...
#6 67.11 Unpacking libaom3:amd64 (3.8.2-2ubuntu0.2) ...
#6 67.15 Selecting previously unselected package libva2:amd64.
#6 67.15 Preparing to unpack .../050-libva2_2.20.0-2ubuntu0.2_amd64.deb ...
#6 67.17 Unpacking libva2:amd64 (2.20.0-2ubuntu0.2) ...
#6 67.19 Selecting previously unselected package libva-drm2:amd64.
#6 67.20 Preparing to unpack .../051-libva-drm2_2.20.0-2ubuntu0.2_amd64.deb ...
#6 67.20 Unpacking libva-drm2:amd64 (2.20.0-2ubuntu0.2) ...
#6 67.22 Selecting previously unselected package libx11-xcb1:amd64.
#6 67.22 Preparing to unpack .../052-libx11-xcb1_2%3a1.8.7-1build1_amd64.deb ...
#6 67.23 Unpacking libx11-xcb1:amd64 (2:1.8.7-1build1) ...
#6 67.24 Selecting previously unselected package libxcb-dri3-0:amd64.
#6 67.24 Preparing to unpack .../053-libxcb-dri3-0_1.15-1ubuntu2_amd64.deb ...
#6 67.25 Unpacking libxcb-dri3-0:amd64 (1.15-1ubuntu2) ...
#6 67.28 Selecting previously unselected package libxfixes3:amd64.
#6 67.28 Preparing to unpack .../054-libxfixes3_1%3a6.0.0-2build1_amd64.deb ...
#6 67.28 Unpacking libxfixes3:amd64 (1:6.0.0-2build1) ...
#6 67.30 Selecting previously unselected package libva-x11-2:amd64.
#6 67.30 Preparing to unpack .../055-libva-x11-2_2.20.0-2ubuntu0.2_amd64.deb ...
#6 67.30 Unpacking libva-x11-2:amd64 (2.20.0-2ubuntu0.2) ...
#6 67.32 Selecting previously unselected package libvdpau1:amd64.
#6 67.32 Preparing to unpack .../056-libvdpau1_1.5-2build1_amd64.deb ...
#6 67.33 Unpacking libvdpau1:amd64 (1.5-2build1) ...
#6 67.34 Selecting previously unselected package libpciaccess0:amd64.
#6 67.34 Preparing to unpack .../057-libpciaccess0_0.17-3ubuntu0.24.04.3_amd64.deb ...
#6 67.35 Unpacking libpciaccess0:amd64 (0.17-3ubuntu0.24.04.3) ...
#6 67.37 Selecting previously unselected package libdrm-intel1:amd64.
#6 67.37 Preparing to unpack .../058-libdrm-intel1_2.4.125-1ubuntu0.1~24.04.2_amd64.deb ...
#6 67.37 Unpacking libdrm-intel1:amd64 (2.4.125-1ubuntu0.1~24.04.2) ...
#6 67.39 Selecting previously unselected package libwayland-client0:amd64.
#6 67.39 Preparing to unpack .../059-libwayland-client0_1.22.0-2.1build1_amd64.deb ...
#6 67.40 Unpacking libwayland-client0:amd64 (1.22.0-2.1build1) ...
#6 67.41 Selecting previously unselected package libvpl2.
#6 67.42 Preparing to unpack .../060-libvpl2_2023.3.0-1build1_amd64.deb ...
#6 67.42 Unpacking libvpl2 (2023.3.0-1build1) ...
#6 67.43 Selecting previously unselected package ocl-icd-libopencl1:amd64.
#6 67.44 Preparing to unpack .../061-ocl-icd-libopencl1_2.3.2-1build1_amd64.deb ...
#6 67.44 Unpacking ocl-icd-libopencl1:amd64 (2.3.2-1build1) ...
#6 67.53 Selecting previously unselected package libavutil58:amd64.
#6 67.53 Preparing to unpack .../062-libavutil58_7%3a6.1.1-3ubuntu5_amd64.deb ...
#6 67.56 Unpacking libavutil58:amd64 (7:6.1.1-3ubuntu5) ...
#6 67.95 Selecting previously unselected package libfreetype6:amd64.
#6 67.95 Preparing to unpack .../063-libfreetype6_2.13.2+dfsg-1ubuntu0.1_amd64.deb ...
#6 67.96 Unpacking libfreetype6:amd64 (2.13.2+dfsg-1ubuntu0.1) ...
#6 68.00 Selecting previously unselected package fonts-dejavu-mono.
#6 68.00 Preparing to unpack .../064-fonts-dejavu-mono_2.37-8_all.deb ...
#6 68.01 Unpacking fonts-dejavu-mono (2.37-8) ...
#6 68.06 Selecting previously unselected package fonts-dejavu-core.
#6 68.06 Preparing to unpack .../065-fonts-dejavu-core_2.37-8_all.deb ...
#6 68.08 Unpacking fonts-dejavu-core (2.37-8) ...
#6 68.15 Selecting previously unselected package fontconfig-config.
#6 68.15 Preparing to unpack .../066-fontconfig-config_2.15.0-1.1ubuntu2_amd64.deb ...
#6 68.24 Unpacking fontconfig-config (2.15.0-1.1ubuntu2) ...
#6 68.27 Selecting previously unselected package libfontconfig1:amd64.
#6 68.27 Preparing to unpack .../067-libfontconfig1_2.15.0-1.1ubuntu2_amd64.deb ...
#6 68.27 Unpacking libfontconfig1:amd64 (2.15.0-1.1ubuntu2) ...
#6 68.29 Selecting previously unselected package libpixman-1-0:amd64.
#6 68.29 Preparing to unpack .../068-libpixman-1-0_0.42.2-1build1_amd64.deb ...
#6 68.30 Unpacking libpixman-1-0:amd64 (0.42.2-1build1) ...
#6 68.33 Selecting previously unselected package libxcb-render0:amd64.
#6 68.33 Preparing to unpack .../069-libxcb-render0_1.15-1ubuntu2_amd64.deb ...
#6 68.34 Unpacking libxcb-render0:amd64 (1.15-1ubuntu2) ...
#6 68.36 Selecting previously unselected package libxcb-shm0:amd64.
#6 68.36 Preparing to unpack .../070-libxcb-shm0_1.15-1ubuntu2_amd64.deb ...
#6 68.36 Unpacking libxcb-shm0:amd64 (1.15-1ubuntu2) ...
#6 68.38 Selecting previously unselected package libxrender1:amd64.
#6 68.38 Preparing to unpack .../071-libxrender1_1%3a0.9.10-1.1build1_amd64.deb ...
#6 68.38 Unpacking libxrender1:amd64 (1:0.9.10-1.1build1) ...
#6 68.40 Selecting previously unselected package libcairo2:amd64.
#6 68.40 Preparing to unpack .../072-libcairo2_1.18.0-3build1_amd64.deb ...
#6 68.41 Unpacking libcairo2:amd64 (1.18.0-3build1) ...
#6 68.44 Selecting previously unselected package libcodec2-1.2:amd64.
#6 68.44 Preparing to unpack .../073-libcodec2-1.2_1.2.0-2build1_amd64.deb ...
#6 68.45 Unpacking libcodec2-1.2:amd64 (1.2.0-2build1) ...
#6 68.50 Selecting previously unselected package libdav1d7:amd64.
#6 68.50 Preparing to unpack .../074-libdav1d7_1.4.1-1build1_amd64.deb ...
#6 68.51 Unpacking libdav1d7:amd64 (1.4.1-1build1) ...
#6 68.54 Selecting previously unselected package libgsm1:amd64.
#6 68.54 Preparing to unpack .../075-libgsm1_1.0.22-1build1_amd64.deb ...
#6 68.54 Unpacking libgsm1:amd64 (1.0.22-1build1) ...
#6 68.57 Selecting previously unselected package libhwy1t64:amd64.
#6 68.57 Preparing to unpack .../076-libhwy1t64_1.0.7-8.1build1_amd64.deb ...
#6 68.57 Unpacking libhwy1t64:amd64 (1.0.7-8.1build1) ...
#6 68.60 Selecting previously unselected package liblcms2-2:amd64.
#6 68.60 Preparing to unpack .../077-liblcms2-2_2.14-2ubuntu0.1_amd64.deb ...
#6 68.60 Unpacking liblcms2-2:amd64 (2.14-2ubuntu0.1) ...
#6 68.62 Selecting previously unselected package libjxl0.7:amd64.
#6 68.63 Preparing to unpack .../078-libjxl0.7_0.7.0-10.2ubuntu6.1_amd64.deb ...
#6 68.63 Unpacking libjxl0.7:amd64 (0.7.0-10.2ubuntu6.1) ...
#6 68.67 Selecting previously unselected package libmp3lame0:amd64.
#6 68.67 Preparing to unpack .../079-libmp3lame0_3.100-6build1_amd64.deb ...
#6 68.67 Unpacking libmp3lame0:amd64 (3.100-6build1) ...
#6 68.70 Selecting previously unselected package libopenjp2-7:amd64.
#6 68.70 Preparing to unpack .../080-libopenjp2-7_2.5.0-2ubuntu0.5_amd64.deb ...
#6 68.70 Unpacking libopenjp2-7:amd64 (2.5.0-2ubuntu0.5) ...
#6 68.73 Selecting previously unselected package libopus0:amd64.
#6 68.73 Preparing to unpack .../081-libopus0_1.4-1build1_amd64.deb ...
#6 68.73 Unpacking libopus0:amd64 (1.4-1build1) ...
#6 68.75 Selecting previously unselected package librav1e0:amd64.
#6 68.75 Preparing to unpack .../082-librav1e0_0.7.1-2_amd64.deb ...
#6 68.76 Unpacking librav1e0:amd64 (0.7.1-2) ...
#6 69.12 Selecting previously unselected package libcairo-gobject2:amd64.
#6 69.12 Preparing to unpack .../083-libcairo-gobject2_1.18.0-3build1_amd64.deb ...
#6 69.13 Unpacking libcairo-gobject2:amd64 (1.18.0-3build1) ...
#6 69.16 Selecting previously unselected package libgdk-pixbuf2.0-common.
#6 69.16 Preparing to unpack .../084-libgdk-pixbuf2.0-common_2.42.10+dfsg-3ubuntu3.3_all.deb ...
#6 69.16 Unpacking libgdk-pixbuf2.0-common (2.42.10+dfsg-3ubuntu3.3) ...
#6 69.18 Selecting previously unselected package libjpeg-turbo8:amd64.
#6 69.19 Preparing to unpack .../085-libjpeg-turbo8_2.1.5-2ubuntu2_amd64.deb ...
#6 69.19 Unpacking libjpeg-turbo8:amd64 (2.1.5-2ubuntu2) ...
#6 69.21 Selecting previously unselected package libjpeg8:amd64.
#6 69.21 Preparing to unpack .../086-libjpeg8_8c-2ubuntu11_amd64.deb ...
#6 69.21 Unpacking libjpeg8:amd64 (8c-2ubuntu11) ...
#6 69.23 Selecting previously unselected package libdeflate0:amd64.
#6 69.23 Preparing to unpack .../087-libdeflate0_1.19-1build1.1_amd64.deb ...
#6 69.24 Unpacking libdeflate0:amd64 (1.19-1build1.1) ...
#6 69.27 Selecting previously unselected package libjbig0:amd64.
#6 69.27 Preparing to unpack .../088-libjbig0_2.1-6.1ubuntu2_amd64.deb ...
#6 69.28 Unpacking libjbig0:amd64 (2.1-6.1ubuntu2) ...
#6 69.32 Selecting previously unselected package liblerc4:amd64.
#6 69.32 Preparing to unpack .../089-liblerc4_4.0.0+ds-4ubuntu2_amd64.deb ...
#6 69.33 Unpacking liblerc4:amd64 (4.0.0+ds-4ubuntu2) ...
#6 69.38 Selecting previously unselected package libsharpyuv0:amd64.
#6 69.38 Preparing to unpack .../090-libsharpyuv0_1.3.2-0.4build3_amd64.deb ...
#6 69.38 Unpacking libsharpyuv0:amd64 (1.3.2-0.4build3) ...
#6 69.40 Selecting previously unselected package libwebp7:amd64.
#6 69.40 Preparing to unpack .../091-libwebp7_1.3.2-0.4build3_amd64.deb ...
#6 69.40 Unpacking libwebp7:amd64 (1.3.2-0.4build3) ...
#6 69.43 Selecting previously unselected package libtiff6:amd64.
#6 69.43 Preparing to unpack .../092-libtiff6_4.5.1+git230720-4ubuntu2.5_amd64.deb ...
#6 69.43 Unpacking libtiff6:amd64 (4.5.1+git230720-4ubuntu2.5) ...
#6 69.47 Selecting previously unselected package libgdk-pixbuf-2.0-0:amd64.
#6 69.47 Preparing to unpack .../093-libgdk-pixbuf-2.0-0_2.42.10+dfsg-3ubuntu3.3_amd64.deb ...
#6 69.47 Unpacking libgdk-pixbuf-2.0-0:amd64 (2.42.10+dfsg-3ubuntu3.3) ...
#6 69.51 Selecting previously unselected package fontconfig.
#6 69.51 Preparing to unpack .../094-fontconfig_2.15.0-1.1ubuntu2_amd64.deb ...
#6 69.51 Unpacking fontconfig (2.15.0-1.1ubuntu2) ...
#6 69.55 Selecting previously unselected package libgraphite2-3:amd64.
#6 69.55 Preparing to unpack .../095-libgraphite2-3_1.3.14-2ubuntu0.24.04.1_amd64.deb ...
#6 69.55 Unpacking libgraphite2-3:amd64 (1.3.14-2ubuntu0.24.04.1) ...
#6 69.59 Selecting previously unselected package libharfbuzz0b:amd64.
#6 69.59 Preparing to unpack .../096-libharfbuzz0b_8.3.0-2build2_amd64.deb ...
#6 69.59 Unpacking libharfbuzz0b:amd64 (8.3.0-2build2) ...
#6 69.62 Selecting previously unselected package libthai-data.
#6 69.62 Preparing to unpack .../097-libthai-data_0.1.29-2build1_all.deb ...
#6 69.62 Unpacking libthai-data (0.1.29-2build1) ...
#6 69.64 Selecting previously unselected package libdatrie1:amd64.
#6 69.64 Preparing to unpack .../098-libdatrie1_0.2.13-3build1_amd64.deb ...
#6 69.65 Unpacking libdatrie1:amd64 (0.2.13-3build1) ...
#6 69.80 Selecting previously unselected package libthai0:amd64.
#6 69.81 Preparing to unpack .../099-libthai0_0.1.29-2build1_amd64.deb ...
#6 69.84 Unpacking libthai0:amd64 (0.1.29-2build1) ...
#6 70.01 Selecting previously unselected package libpango-1.0-0:amd64.
#6 70.01 Preparing to unpack .../100-libpango-1.0-0_1.52.1+ds-1build1_amd64.deb ...
#6 70.02 Unpacking libpango-1.0-0:amd64 (1.52.1+ds-1build1) ...
#6 70.04 Selecting previously unselected package libpangoft2-1.0-0:amd64.
#6 70.04 Preparing to unpack .../101-libpangoft2-1.0-0_1.52.1+ds-1build1_amd64.deb ...
#6 70.04 Unpacking libpangoft2-1.0-0:amd64 (1.52.1+ds-1build1) ...
#6 70.08 Selecting previously unselected package libpangocairo-1.0-0:amd64.
#6 70.08 Preparing to unpack .../102-libpangocairo-1.0-0_1.52.1+ds-1build1_amd64.deb ...
#6 70.09 Unpacking libpangocairo-1.0-0:amd64 (1.52.1+ds-1build1) ...
#6 70.11 Selecting previously unselected package librsvg2-2:amd64.
#6 70.11 Preparing to unpack .../103-librsvg2-2_2.58.0+dfsg-1build1_amd64.deb ...
#6 70.11 Unpacking librsvg2-2:amd64 (2.58.0+dfsg-1build1) ...
#6 70.16 Selecting previously unselected package libshine3:amd64.
#6 70.16 Preparing to unpack .../104-libshine3_3.1.1-2build1_amd64.deb ...
#6 70.16 Unpacking libshine3:amd64 (3.1.1-2build1) ...
#6 70.18 Selecting previously unselected package libsnappy1v5:amd64.
#6 70.18 Preparing to unpack .../105-libsnappy1v5_1.1.10-1build1_amd64.deb ...
#6 70.18 Unpacking libsnappy1v5:amd64 (1.1.10-1build1) ...
#6 70.21 Selecting previously unselected package libspeex1:amd64.
#6 70.21 Preparing to unpack .../106-libspeex1_1.2.1-2ubuntu2.24.04.1_amd64.deb ...
#6 70.22 Unpacking libspeex1:amd64 (1.2.1-2ubuntu2.24.04.1) ...
#6 70.26 Selecting previously unselected package libsvtav1enc1d1:amd64.
#6 70.26 Preparing to unpack .../107-libsvtav1enc1d1_1.7.0+dfsg-2build1_amd64.deb ...
#6 70.28 Unpacking libsvtav1enc1d1:amd64 (1.7.0+dfsg-2build1) ...
#6 70.34 Selecting previously unselected package libgomp1:amd64.
#6 70.35 Preparing to unpack .../108-libgomp1_14.2.0-4ubuntu2~24.04.1_amd64.deb ...
#6 70.35 Unpacking libgomp1:amd64 (14.2.0-4ubuntu2~24.04.1) ...
#6 70.39 Selecting previously unselected package libsoxr0:amd64.
#6 70.39 Preparing to unpack .../109-libsoxr0_0.1.3-4build3_amd64.deb ...
#6 70.39 Unpacking libsoxr0:amd64 (0.1.3-4build3) ...
#6 70.42 Selecting previously unselected package libswresample4:amd64.
#6 70.42 Preparing to unpack .../110-libswresample4_7%3a6.1.1-3ubuntu5_amd64.deb ...
#6 70.42 Unpacking libswresample4:amd64 (7:6.1.1-3ubuntu5) ...
#6 70.44 Selecting previously unselected package libogg0:amd64.
#6 70.44 Preparing to unpack .../111-libogg0_1.3.5-3build1_amd64.deb ...
#6 70.44 Unpacking libogg0:amd64 (1.3.5-3build1) ...
#6 70.48 Selecting previously unselected package libtheora0:amd64.
#6 70.48 Preparing to unpack .../112-libtheora0_1.1.1+dfsg.1-16.1build3_amd64.deb ...
#6 70.48 Unpacking libtheora0:amd64 (1.1.1+dfsg.1-16.1build3) ...
#6 70.51 Selecting previously unselected package libtwolame0:amd64.
#6 70.51 Preparing to unpack .../113-libtwolame0_0.4.0-2build3_amd64.deb ...
#6 70.52 Unpacking libtwolame0:amd64 (0.4.0-2build3) ...
#6 70.65 Selecting previously unselected package libvorbis0a:amd64.
#6 70.65 Preparing to unpack .../114-libvorbis0a_1.3.7-1build3_amd64.deb ...
#6 70.70 Unpacking libvorbis0a:amd64 (1.3.7-1build3) ...
#6 71.09 Selecting previously unselected package libvorbisenc2:amd64.
#6 71.09 Preparing to unpack .../115-libvorbisenc2_1.3.7-1build3_amd64.deb ...
#6 71.14 Unpacking libvorbisenc2:amd64 (1.3.7-1build3) ...
#6 71.52 Selecting previously unselected package libvpx9:amd64.
#6 71.52 Preparing to unpack .../116-libvpx9_1.14.0-1ubuntu2.3_amd64.deb ...
#6 71.58 Unpacking libvpx9:amd64 (1.14.0-1ubuntu2.3) ...
#6 71.95 Selecting previously unselected package libwebpmux3:amd64.
#6 71.95 Preparing to unpack .../117-libwebpmux3_1.3.2-0.4build3_amd64.deb ...
#6 71.98 Unpacking libwebpmux3:amd64 (1.3.2-0.4build3) ...
#6 72.12 Selecting previously unselected package libx264-164:amd64.
#6 72.12 Preparing to unpack .../118-libx264-164_2%3a0.164.3108+git31e19f9-1_amd64.deb ...
#6 72.12 Unpacking libx264-164:amd64 (2:0.164.3108+git31e19f9-1) ...
#6 72.17 Selecting previously unselected package libx265-199:amd64.
#6 72.17 Preparing to unpack .../119-libx265-199_3.5-2build1_amd64.deb ...
#6 72.17 Unpacking libx265-199:amd64 (3.5-2build1) ...
#6 72.22 Selecting previously unselected package libxvidcore4:amd64.
#6 72.23 Preparing to unpack .../120-libxvidcore4_2%3a1.3.7-1build1_amd64.deb ...
#6 72.23 Unpacking libxvidcore4:amd64 (2:1.3.7-1build1) ...
#6 72.25 Selecting previously unselected package libzvbi-common.
#6 72.25 Preparing to unpack .../121-libzvbi-common_0.2.42-2_all.deb ...
#6 72.25 Unpacking libzvbi-common (0.2.42-2) ...
#6 72.28 Selecting previously unselected package libzvbi0t64:amd64.
#6 72.28 Preparing to unpack .../122-libzvbi0t64_0.2.42-2_amd64.deb ...
#6 72.28 Unpacking libzvbi0t64:amd64 (0.2.42-2) ...
#6 72.30 Selecting previously unselected package libavcodec60:amd64.
#6 72.30 Preparing to unpack .../123-libavcodec60_7%3a6.1.1-3ubuntu5_amd64.deb ...
#6 72.31 Unpacking libavcodec60:amd64 (7:6.1.1-3ubuntu5) ...
#6 72.42 Selecting previously unselected package libasound2-data.
#6 72.42 Preparing to unpack .../124-libasound2-data_1.2.11-1ubuntu0.3_all.deb ...
#6 72.42 Unpacking libasound2-data (1.2.11-1ubuntu0.3) ...
#6 72.46 Selecting previously unselected package libasound2t64:amd64.
#6 72.47 Preparing to unpack .../125-libasound2t64_1.2.11-1ubuntu0.3_amd64.deb ...
#6 72.47 Unpacking libasound2t64:amd64 (1.2.11-1ubuntu0.3) ...
#6 72.49 Selecting previously unselected package libraw1394-11:amd64.
#6 72.49 Preparing to unpack .../126-libraw1394-11_2.1.2-2build3_amd64.deb ...
#6 72.49 Unpacking libraw1394-11:amd64 (2.1.2-2build3) ...
#6 72.52 Selecting previously unselected package libavc1394-0:amd64.
#6 72.52 Preparing to unpack .../127-libavc1394-0_0.5.4-5build3_amd64.deb ...
#6 72.52 Unpacking libavc1394-0:amd64 (0.5.4-5build3) ...
#6 72.56 Selecting previously unselected package libunibreak5:amd64.
#6 72.56 Preparing to unpack .../128-libunibreak5_5.1-2build1_amd64.deb ...
#6 72.57 Unpacking libunibreak5:amd64 (5.1-2build1) ...
#6 72.59 Selecting previously unselected package libass9:amd64.
#6 72.59 Preparing to unpack .../129-libass9_1%3a0.17.1-2build1_amd64.deb ...
#6 72.60 Unpacking libass9:amd64 (1:0.17.1-2build1) ...
#6 72.62 Selecting previously unselected package libudfread0:amd64.
#6 72.63 Preparing to unpack .../130-libudfread0_1.1.2-1build1_amd64.deb ...
#6 72.63 Unpacking libudfread0:amd64 (1.1.2-1build1) ...
#6 72.66 Selecting previously unselected package libbluray2:amd64.
#6 72.66 Preparing to unpack .../131-libbluray2_1%3a1.3.4-1build1_amd64.deb ...
#6 72.67 Unpacking libbluray2:amd64 (1:1.3.4-1build1) ...
#6 72.69 Selecting previously unselected package libchromaprint1:amd64.
#6 72.70 Preparing to unpack .../132-libchromaprint1_1.5.1-5_amd64.deb ...
#6 72.70 Unpacking libchromaprint1:amd64 (1.5.1-5) ...
#6 72.72 Selecting previously unselected package libgme0:amd64.
#6 72.72 Preparing to unpack .../133-libgme0_0.6.3-7build1_amd64.deb ...
#6 72.73 Unpacking libgme0:amd64 (0.6.3-7build1) ...
#6 72.75 Selecting previously unselected package libmpg123-0t64:amd64.
#6 72.75 Preparing to unpack .../134-libmpg123-0t64_1.32.5-1ubuntu1.1_amd64.deb ...
#6 72.75 Unpacking libmpg123-0t64:amd64 (1.32.5-1ubuntu1.1) ...
#6 72.77 Selecting previously unselected package libvorbisfile3:amd64.
#6 72.77 Preparing to unpack .../135-libvorbisfile3_1.3.7-1build3_amd64.deb ...
#6 72.77 Unpacking libvorbisfile3:amd64 (1.3.7-1build3) ...
#6 72.79 Selecting previously unselected package libopenmpt0t64:amd64.
#6 72.79 Preparing to unpack .../136-libopenmpt0t64_0.7.3-1.1build3_amd64.deb ...
#6 72.79 Unpacking libopenmpt0t64:amd64 (0.7.3-1.1build3) ...
#6 72.81 Selecting previously unselected package librabbitmq4:amd64.
#6 72.81 Preparing to unpack .../137-librabbitmq4_0.11.0-1ubuntu0.2_amd64.deb ...
#6 72.81 Unpacking librabbitmq4:amd64 (0.11.0-1ubuntu0.2) ...
#6 72.83 Selecting previously unselected package libcjson1:amd64.
#6 72.83 Preparing to unpack .../138-libcjson1_1.7.17-1_amd64.deb ...
#6 72.83 Unpacking libcjson1:amd64 (1.7.17-1) ...
#6 72.85 Selecting previously unselected package libmbedcrypto7t64:amd64.
#6 72.85 Preparing to unpack .../139-libmbedcrypto7t64_2.28.8-1_amd64.deb ...
#6 72.85 Unpacking libmbedcrypto7t64:amd64 (2.28.8-1) ...
#6 72.87 Selecting previously unselected package librist4:amd64.
#6 72.88 Preparing to unpack .../140-librist4_0.2.10+dfsg-2_amd64.deb ...
#6 72.88 Unpacking librist4:amd64 (0.2.10+dfsg-2) ...
#6 72.90 Selecting previously unselected package libsrt1.5-gnutls:amd64.
#6 72.90 Preparing to unpack .../141-libsrt1.5-gnutls_1.5.3-1build2_amd64.deb ...
#6 72.90 Unpacking libsrt1.5-gnutls:amd64 (1.5.3-1build2) ...
#6 72.92 Selecting previously unselected package libssh-gcrypt-4:amd64.
#6 72.92 Preparing to unpack .../142-libssh-gcrypt-4_0.10.6-2ubuntu0.5_amd64.deb ...
#6 72.92 Unpacking libssh-gcrypt-4:amd64 (0.10.6-2ubuntu0.5) ...
#6 72.94 Selecting previously unselected package libnorm1t64:amd64.
#6 72.94 Preparing to unpack .../143-libnorm1t64_1.5.9+dfsg-3.1build1_amd64.deb ...
#6 72.94 Unpacking libnorm1t64:amd64 (1.5.9+dfsg-3.1build1) ...
#6 72.96 Selecting previously unselected package libpgm-5.3-0t64:amd64.
#6 72.96 Preparing to unpack .../144-libpgm-5.3-0t64_5.3.128~dfsg-2.1build1_amd64.deb ...
#6 72.96 Unpacking libpgm-5.3-0t64:amd64 (5.3.128~dfsg-2.1build1) ...
#6 72.98 Selecting previously unselected package libsodium23:amd64.
#6 72.98 Preparing to unpack .../145-libsodium23_1.0.18-1ubuntu0.24.04.1_amd64.deb ...
#6 72.98 Unpacking libsodium23:amd64 (1.0.18-1ubuntu0.24.04.1) ...
#6 73.00 Selecting previously unselected package libzmq5:amd64.
#6 73.00 Preparing to unpack .../146-libzmq5_4.3.5-1build2_amd64.deb ...
#6 73.00 Unpacking libzmq5:amd64 (4.3.5-1build2) ...
#6 73.02 Selecting previously unselected package libavformat60:amd64.
#6 73.02 Preparing to unpack .../147-libavformat60_7%3a6.1.1-3ubuntu5_amd64.deb ...
#6 73.02 Unpacking libavformat60:amd64 (7:6.1.1-3ubuntu5) ...
#6 73.05 Selecting previously unselected package libbs2b0:amd64.
#6 73.05 Preparing to unpack .../148-libbs2b0_3.1.0+dfsg-7build1_amd64.deb ...
#6 73.05 Unpacking libbs2b0:amd64 (3.1.0+dfsg-7build1) ...
#6 73.07 Selecting previously unselected package libflite1:amd64.
#6 73.07 Preparing to unpack .../149-libflite1_2.2-6build3_amd64.deb ...
#6 73.08 Unpacking libflite1:amd64 (2.2-6build3) ...
#6 73.18 Selecting previously unselected package libserd-0-0:amd64.
#6 73.18 Preparing to unpack .../150-libserd-0-0_0.32.2-1_amd64.deb ...
#6 73.18 Unpacking libserd-0-0:amd64 (0.32.2-1) ...
#6 73.20 Selecting previously unselected package libzix-0-0:amd64.
#6 73.20 Preparing to unpack .../151-libzix-0-0_0.4.2-2build1_amd64.deb ...
#6 73.20 Unpacking libzix-0-0:amd64 (0.4.2-2build1) ...
#6 73.22 Selecting previously unselected package libsord-0-0:amd64.
#6 73.22 Preparing to unpack .../152-libsord-0-0_0.16.16-2build1_amd64.deb ...
#6 73.22 Unpacking libsord-0-0:amd64 (0.16.16-2build1) ...
#6 73.24 Selecting previously unselected package libsratom-0-0:amd64.
#6 73.24 Preparing to unpack .../153-libsratom-0-0_0.6.16-1build1_amd64.deb ...
#6 73.24 Unpacking libsratom-0-0:amd64 (0.6.16-1build1) ...
#6 73.26 Selecting previously unselected package liblilv-0-0:amd64.
#6 73.26 Preparing to unpack .../154-liblilv-0-0_0.24.22-1build1_amd64.deb ...
#6 73.26 Unpacking liblilv-0-0:amd64 (0.24.22-1build1) ...
#6 73.28 Selecting previously unselected package libmysofa1:amd64.
#6 73.28 Preparing to unpack .../155-libmysofa1_1.3.2+dfsg-2ubuntu2_amd64.deb ...
#6 73.28 Unpacking libmysofa1:amd64 (1.3.2+dfsg-2ubuntu2) ...
#6 73.30 Selecting previously unselected package libvulkan1:amd64.
#6 73.30 Preparing to unpack .../156-libvulkan1_1.3.275.0-1build1_amd64.deb ...
#6 73.30 Unpacking libvulkan1:amd64 (1.3.275.0-1build1) ...
#6 73.32 Selecting previously unselected package libplacebo338:amd64.
#6 73.32 Preparing to unpack .../157-libplacebo338_6.338.2-2build1_amd64.deb ...
#6 73.32 Unpacking libplacebo338:amd64 (6.338.2-2build1) ...
#6 73.37 Selecting previously unselected package libblas3:amd64.
#6 73.37 Preparing to unpack .../158-libblas3_3.12.0-3build1.1_amd64.deb ...
#6 73.37 Unpacking libblas3:amd64 (3.12.0-3build1.1) ...
#6 73.40 Selecting previously unselected package libgfortran5:amd64.
#6 73.40 Preparing to unpack .../159-libgfortran5_14.2.0-4ubuntu2~24.04.1_amd64.deb ...
#6 73.40 Unpacking libgfortran5:amd64 (14.2.0-4ubuntu2~24.04.1) ...
#6 73.42 Selecting previously unselected package liblapack3:amd64.
#6 73.43 Preparing to unpack .../160-liblapack3_3.12.0-3build1.1_amd64.deb ...
#6 73.43 Unpacking liblapack3:amd64 (3.12.0-3build1.1) ...
#6 73.47 Selecting previously unselected package libasyncns0:amd64.
#6 73.47 Preparing to unpack .../161-libasyncns0_0.8-6build4_amd64.deb ...
#6 73.47 Unpacking libasyncns0:amd64 (0.8-6build4) ...
#6 73.49 Selecting previously unselected package libflac12t64:amd64.
#6 73.49 Preparing to unpack .../162-libflac12t64_1.4.3+ds-2.1ubuntu2_amd64.deb ...
#6 73.49 Unpacking libflac12t64:amd64 (1.4.3+ds-2.1ubuntu2) ...
#6 73.51 Selecting previously unselected package libsndfile1:amd64.
#6 73.51 Preparing to unpack .../163-libsndfile1_1.2.2-1ubuntu5.24.04.1_amd64.deb ...
#6 73.51 Unpacking libsndfile1:amd64 (1.2.2-1ubuntu5.24.04.1) ...
#6 73.54 Selecting previously unselected package libpulse0:amd64.
#6 73.54 Preparing to unpack .../164-libpulse0_1%3a16.1+dfsg1-2ubuntu10.1_amd64.deb ...
#6 73.55 Unpacking libpulse0:amd64 (1:16.1+dfsg1-2ubuntu10.1) ...
#6 73.57 Selecting previously unselected package libsphinxbase3t64:amd64.
#6 73.57 Preparing to unpack .../165-libsphinxbase3t64_0.8+5prealpha+1-17build2_amd64.deb ...
#6 73.57 Unpacking libsphinxbase3t64:amd64 (0.8+5prealpha+1-17build2) ...
#6 73.60 Selecting previously unselected package libpocketsphinx3:amd64.
#6 73.60 Preparing to unpack .../166-libpocketsphinx3_0.8.0+real5prealpha+1-15ubuntu5_amd64.deb ...
#6 73.60 Unpacking libpocketsphinx3:amd64 (0.8.0+real5prealpha+1-15ubuntu5) ...
#6 73.62 Selecting previously unselected package libpostproc57:amd64.
#6 73.62 Preparing to unpack .../167-libpostproc57_7%3a6.1.1-3ubuntu5_amd64.deb ...
#6 73.63 Unpacking libpostproc57:amd64 (7:6.1.1-3ubuntu5) ...
#6 73.64 Selecting previously unselected package libfftw3-double3:amd64.
#6 73.65 Preparing to unpack .../168-libfftw3-double3_3.3.10-1ubuntu3_amd64.deb ...
#6 73.65 Unpacking libfftw3-double3:amd64 (3.3.10-1ubuntu3) ...
#6 73.67 Selecting previously unselected package libsamplerate0:amd64.
#6 73.67 Preparing to unpack .../169-libsamplerate0_0.2.2-4build1_amd64.deb ...
#6 73.67 Unpacking libsamplerate0:amd64 (0.2.2-4build1) ...
#6 73.69 Selecting previously unselected package librubberband2:amd64.
#6 73.69 Preparing to unpack .../170-librubberband2_3.3.0+dfsg-2build1_amd64.deb ...
#6 73.69 Unpacking librubberband2:amd64 (3.3.0+dfsg-2build1) ...
#6 73.71 Selecting previously unselected package libswscale7:amd64.
#6 73.71 Preparing to unpack .../171-libswscale7_7%3a6.1.1-3ubuntu5_amd64.deb ...
#6 73.71 Unpacking libswscale7:amd64 (7:6.1.1-3ubuntu5) ...
#6 73.73 Selecting previously unselected package libvidstab1.1:amd64.
#6 73.73 Preparing to unpack .../172-libvidstab1.1_1.1.0-2build1_amd64.deb ...
#6 73.73 Unpacking libvidstab1.1:amd64 (1.1.0-2build1) ...
#6 73.75 Selecting previously unselected package libzimg2:amd64.
#6 73.75 Preparing to unpack .../173-libzimg2_3.0.5+ds1-1build1_amd64.deb ...
#6 73.75 Unpacking libzimg2:amd64 (3.0.5+ds1-1build1) ...
#6 73.77 Selecting previously unselected package libavfilter9:amd64.
#6 73.77 Preparing to unpack .../174-libavfilter9_7%3a6.1.1-3ubuntu5_amd64.deb ...
#6 73.77 Unpacking libavfilter9:amd64 (7:6.1.1-3ubuntu5) ...
#6 73.83 Selecting previously unselected package libcaca0:amd64.
#6 73.83 Preparing to unpack .../175-libcaca0_0.99.beta20-4ubuntu0.2_amd64.deb ...
#6 73.83 Unpacking libcaca0:amd64 (0.99.beta20-4ubuntu0.2) ...
#6 73.85 Selecting previously unselected package libcdio19t64:amd64.
#6 73.85 Preparing to unpack .../176-libcdio19t64_2.1.0-4.1ubuntu1.2_amd64.deb ...
#6 73.85 Unpacking libcdio19t64:amd64 (2.1.0-4.1ubuntu1.2) ...
#6 73.87 Selecting previously unselected package libcdio-cdda2t64:amd64.
#6 73.87 Preparing to unpack .../177-libcdio-cdda2t64_10.2+2.0.1-1.1build2_amd64.deb ...
#6 73.87 Unpacking libcdio-cdda2t64:amd64 (10.2+2.0.1-1.1build2) ...
#6 73.89 Selecting previously unselected package libcdio-paranoia2t64:amd64.
#6 73.89 Preparing to unpack .../178-libcdio-paranoia2t64_10.2+2.0.1-1.1build2_amd64.deb ...
#6 73.89 Unpacking libcdio-paranoia2t64:amd64 (10.2+2.0.1-1.1build2) ...
#6 73.91 Selecting previously unselected package libdc1394-25:amd64.
#6 73.91 Preparing to unpack .../179-libdc1394-25_2.2.6-4build1_amd64.deb ...
#6 73.91 Unpacking libdc1394-25:amd64 (2.2.6-4build1) ...
#6 73.93 Selecting previously unselected package libglvnd0:amd64.
#6 73.93 Preparing to unpack .../180-libglvnd0_1.7.0-1build1_amd64.deb ...
#6 73.93 Unpacking libglvnd0:amd64 (1.7.0-1build1) ...
#6 73.95 Selecting previously unselected package libxcb-glx0:amd64.
#6 73.95 Preparing to unpack .../181-libxcb-glx0_1.15-1ubuntu2_amd64.deb ...
#6 73.95 Unpacking libxcb-glx0:amd64 (1.15-1ubuntu2) ...
#6 73.97 Selecting previously unselected package libxcb-present0:amd64.
#6 73.97 Preparing to unpack .../182-libxcb-present0_1.15-1ubuntu2_amd64.deb ...
#6 73.97 Unpacking libxcb-present0:amd64 (1.15-1ubuntu2) ...
#6 74.00 Selecting previously unselected package libxcb-xfixes0:amd64.
#6 74.00 Preparing to unpack .../183-libxcb-xfixes0_1.15-1ubuntu2_amd64.deb ...
#6 74.00 Unpacking libxcb-xfixes0:amd64 (1.15-1ubuntu2) ...
#6 74.03 Selecting previously unselected package libxxf86vm1:amd64.
#6 74.03 Preparing to unpack .../184-libxxf86vm1_1%3a1.1.4-1build4_amd64.deb ...
#6 74.03 Unpacking libxxf86vm1:amd64 (1:1.1.4-1build4) ...
#6 74.06 Selecting previously unselected package libdrm-amdgpu1:amd64.
#6 74.06 Preparing to unpack .../185-libdrm-amdgpu1_2.4.125-1ubuntu0.1~24.04.2_amd64.deb ...
#6 74.06 Unpacking libdrm-amdgpu1:amd64 (2.4.125-1ubuntu0.1~24.04.2) ...
#6 74.08 Selecting previously unselected package libllvm20:amd64.
#6 74.08 Preparing to unpack .../186-libllvm20_1%3a20.1.2-0ubuntu1~24.04.3_amd64.deb ...
#6 74.08 Unpacking libllvm20:amd64 (1:20.1.2-0ubuntu1~24.04.3) ...
#6 74.43 Selecting previously unselected package libxcb-randr0:amd64.
#6 74.44 Preparing to unpack .../187-libxcb-randr0_1.15-1ubuntu2_amd64.deb ...
#6 74.44 Unpacking libxcb-randr0:amd64 (1.15-1ubuntu2) ...
#6 74.45 Selecting previously unselected package libxcb-sync1:amd64.
#6 74.45 Preparing to unpack .../188-libxcb-sync1_1.15-1ubuntu2_amd64.deb ...
#6 74.46 Unpacking libxcb-sync1:amd64 (1.15-1ubuntu2) ...
#6 74.59 Selecting previously unselected package libxshmfence1:amd64.
#6 74.60 Preparing to unpack .../189-libxshmfence1_1.3-1build5_amd64.deb ...
#6 74.61 Unpacking libxshmfence1:amd64 (1.3-1build5) ...
#6 74.70 Selecting previously unselected package mesa-libgallium:amd64.
#6 74.70 Preparing to unpack .../190-mesa-libgallium_25.2.8-0ubuntu0.24.04.2_amd64.deb ...
#6 74.70 Unpacking mesa-libgallium:amd64 (25.2.8-0ubuntu0.24.04.2) ...
#6 74.82 Selecting previously unselected package libgbm1:amd64.
#6 74.82 Preparing to unpack .../191-libgbm1_25.2.8-0ubuntu0.24.04.2_amd64.deb ...
#6 74.83 Unpacking libgbm1:amd64 (25.2.8-0ubuntu0.24.04.2) ...
#6 74.85 Selecting previously unselected package libgl1-mesa-dri:amd64.
#6 74.85 Preparing to unpack .../192-libgl1-mesa-dri_25.2.8-0ubuntu0.24.04.2_amd64.deb ...
#6 74.85 Unpacking libgl1-mesa-dri:amd64 (25.2.8-0ubuntu0.24.04.2) ...
#6 74.87 Selecting previously unselected package libglx-mesa0:amd64.
#6 74.87 Preparing to unpack .../193-libglx-mesa0_25.2.8-0ubuntu0.24.04.2_amd64.deb ...
#6 74.87 Unpacking libglx-mesa0:amd64 (25.2.8-0ubuntu0.24.04.2) ...
#6 74.89 Selecting previously unselected package libglx0:amd64.
#6 74.89 Preparing to unpack .../194-libglx0_1.7.0-1build1_amd64.deb ...
#6 74.90 Unpacking libglx0:amd64 (1.7.0-1build1) ...
#6 74.91 Selecting previously unselected package libgl1:amd64.
#6 74.91 Preparing to unpack .../195-libgl1_1.7.0-1build1_amd64.deb ...
#6 74.92 Unpacking libgl1:amd64 (1.7.0-1build1) ...
#6 74.93 Selecting previously unselected package libiec61883-0:amd64.
#6 74.94 Preparing to unpack .../196-libiec61883-0_1.2.0-6build1_amd64.deb ...
#6 74.94 Unpacking libiec61883-0:amd64 (1.2.0-6build1) ...
#6 74.95 Selecting previously unselected package libjack-jackd2-0:amd64.
#6 74.96 Preparing to unpack .../197-libjack-jackd2-0_1.9.21~dfsg-3ubuntu3_amd64.deb ...
#6 74.96 Unpacking libjack-jackd2-0:amd64 (1.9.21~dfsg-3ubuntu3) ...
#6 74.98 Selecting previously unselected package libopenal-data.
#6 74.98 Preparing to unpack .../198-libopenal-data_1%3a1.23.1-4build1_all.deb ...
#6 74.98 Unpacking libopenal-data (1:1.23.1-4build1) ...
#6 75.00 Selecting previously unselected package libsndio7.0:amd64.
#6 75.00 Preparing to unpack .../199-libsndio7.0_1.9.0-0.3build3_amd64.deb ...
#6 75.01 Unpacking libsndio7.0:amd64 (1.9.0-0.3build3) ...
#6 75.03 Selecting previously unselected package libopenal1:amd64.
#6 75.03 Preparing to unpack .../200-libopenal1_1%3a1.23.1-4build1_amd64.deb ...
#6 75.03 Unpacking libopenal1:amd64 (1:1.23.1-4build1) ...
#6 75.06 Selecting previously unselected package libdecor-0-0:amd64.
#6 75.06 Preparing to unpack .../201-libdecor-0-0_0.2.2-1build2_amd64.deb ...
#6 75.06 Unpacking libdecor-0-0:amd64 (0.2.2-1build2) ...
#6 75.09 Selecting previously unselected package libwayland-cursor0:amd64.
#6 75.09 Preparing to unpack .../202-libwayland-cursor0_1.22.0-2.1build1_amd64.deb ...
#6 75.09 Unpacking libwayland-cursor0:amd64 (1.22.0-2.1build1) ...
#6 75.11 Selecting previously unselected package libwayland-egl1:amd64.
#6 75.11 Preparing to unpack .../203-libwayland-egl1_1.22.0-2.1build1_amd64.deb ...
#6 75.11 Unpacking libwayland-egl1:amd64 (1.22.0-2.1build1) ...
#6 75.13 Selecting previously unselected package libxcursor1:amd64.
#6 75.13 Preparing to unpack .../204-libxcursor1_1%3a1.2.1-1build1_amd64.deb ...
#6 75.13 Unpacking libxcursor1:amd64 (1:1.2.1-1build1) ...
#6 75.15 Selecting previously unselected package libxi6:amd64.
#6 75.15 Preparing to unpack .../205-libxi6_2%3a1.8.1-1build1_amd64.deb ...
#6 75.15 Unpacking libxi6:amd64 (2:1.8.1-1build1) ...
#6 75.17 Selecting previously unselected package libxrandr2:amd64.
#6 75.18 Preparing to unpack .../206-libxrandr2_2%3a1.5.2-2build1_amd64.deb ...
#6 75.18 Unpacking libxrandr2:amd64 (2:1.5.2-2build1) ...
#6 75.20 Selecting previously unselected package x11-common.
#6 75.20 Preparing to unpack .../207-x11-common_1%3a7.7+23ubuntu3_all.deb ...
#6 75.20 Unpacking x11-common (1:7.7+23ubuntu3) ...
#6 75.23 Selecting previously unselected package libxss1:amd64.
#6 75.23 Preparing to unpack .../208-libxss1_1%3a1.2.3-1build3_amd64.deb ...
#6 75.23 Unpacking libxss1:amd64 (1:1.2.3-1build3) ...
#6 75.25 Selecting previously unselected package libsdl2-2.0-0:amd64.
#6 75.25 Preparing to unpack .../209-libsdl2-2.0-0_2.30.0+dfsg-1ubuntu3.1_amd64.deb ...
#6 75.25 Unpacking libsdl2-2.0-0:amd64 (2.30.0+dfsg-1ubuntu3.1) ...
#6 75.28 Selecting previously unselected package libxcb-shape0:amd64.
#6 75.28 Preparing to unpack .../210-libxcb-shape0_1.15-1ubuntu2_amd64.deb ...
#6 75.28 Unpacking libxcb-shape0:amd64 (1.15-1ubuntu2) ...
#6 75.30 Selecting previously unselected package libxv1:amd64.
#6 75.30 Preparing to unpack .../211-libxv1_2%3a1.0.11-1.1build1_amd64.deb ...
#6 75.30 Unpacking libxv1:amd64 (2:1.0.11-1.1build1) ...
#6 75.32 Selecting previously unselected package libavdevice60:amd64.
#6 75.33 Preparing to unpack .../212-libavdevice60_7%3a6.1.1-3ubuntu5_amd64.deb ...
#6 75.33 Unpacking libavdevice60:amd64 (7:6.1.1-3ubuntu5) ...
#6 75.35 Selecting previously unselected package ffmpeg.
#6 75.35 Preparing to unpack .../213-ffmpeg_7%3a6.1.1-3ubuntu5_amd64.deb ...
#6 75.35 Unpacking ffmpeg (7:6.1.1-3ubuntu5) ...
#6 75.37 Selecting previously unselected package libcurl3t64-gnutls:amd64.
#6 75.37 Preparing to unpack .../214-libcurl3t64-gnutls_8.5.0-2ubuntu10.13_amd64.deb ...
#6 75.38 Unpacking libcurl3t64-gnutls:amd64 (8.5.0-2ubuntu10.13) ...
#6 75.39 Selecting previously unselected package liberror-perl.
#6 75.40 Preparing to unpack .../215-liberror-perl_0.17029-2_all.deb ...
#6 75.40 Unpacking liberror-perl (0.17029-2) ...
#6 75.41 Selecting previously unselected package git-man.
#6 75.42 Preparing to unpack .../216-git-man_1%3a2.43.0-1ubuntu7.3_all.deb ...
#6 75.42 Unpacking git-man (1:2.43.0-1ubuntu7.3) ...
#6 75.44 Selecting previously unselected package git.
#6 75.44 Preparing to unpack .../217-git_1%3a2.43.0-1ubuntu7.3_amd64.deb ...
#6 75.45 Unpacking git (1:2.43.0-1ubuntu7.3) ...
#6 75.56 Selecting previously unselected package libatomic1:amd64.
#6 75.56 Preparing to unpack .../218-libatomic1_14.2.0-4ubuntu2~24.04.1_amd64.deb ...
#6 75.57 Unpacking libatomic1:amd64 (14.2.0-4ubuntu2~24.04.1) ...
#6 75.58 Selecting previously unselected package python3-pip-whl.
#6 75.58 Preparing to unpack .../219-python3-pip-whl_24.0+dfsg-1ubuntu1.3_all.deb ...
#6 75.59 Unpacking python3-pip-whl (24.0+dfsg-1ubuntu1.3) ...
#6 75.60 Selecting previously unselected package python3-setuptools-whl.
#6 75.60 Preparing to unpack .../220-python3-setuptools-whl_68.1.2-2ubuntu1.2_all.deb ...
#6 75.60 Unpacking python3-setuptools-whl (68.1.2-2ubuntu1.2) ...
#6 75.89 Selecting previously unselected package python3.12-venv.
#6 75.89 Preparing to unpack .../221-python3.12-venv_3.12.3-1ubuntu0.17_amd64.deb ...
#6 75.93 Unpacking python3.12-venv (3.12.3-1ubuntu0.17) ...
#6 76.15 Setting up libgme0:amd64 (0.6.3-7build1) ...
#6 76.30 Setting up libchromaprint1:amd64 (1.5.1-5) ...
#6 76.43 Setting up libhwy1t64:amd64 (1.0.7-8.1build1) ...
#6 76.56 Setting up media-types (10.1.0) ...
#6 76.78 Setting up libgraphite2-3:amd64 (1.3.14-2ubuntu0.24.04.1) ...
#6 76.93 Setting up liblcms2-2:amd64 (2.14-2ubuntu0.1) ...
#6 77.08 Setting up libpixman-1-0:amd64 (0.42.2-1build1) ...
#6 77.21 Setting up libudfread0:amd64 (1.1.2-1build1) ...
#6 77.36 Setting up libnorm1t64:amd64 (1.5.9+dfsg-3.1build1) ...
#6 77.49 Setting up libsharpyuv0:amd64 (1.3.2-0.4build3) ...
#6 77.61 Setting up libaom3:amd64 (3.8.2-2ubuntu0.2) ...
#6 77.76 Setting up libpciaccess0:amd64 (0.17-3ubuntu0.24.04.3) ...
#6 77.90 Setting up librabbitmq4:amd64 (0.11.0-1ubuntu0.2) ...
#6 77.94 Setting up libxau6:amd64 (1:1.0.9-1build6) ...
#6 77.95 Setting up python3-setuptools-whl (68.1.2-2ubuntu1.2) ...
#6 77.95 Setting up libraw1394-11:amd64 (2.1.2-2build3) ...
#6 77.96 Setting up libkeyutils1:amd64 (1.6.3-3build1) ...
#6 77.97 Setting up libapparmor1:amd64 (4.0.1really4.0.1-0ubuntu0.24.04.8) ...
#6 77.97 Setting up libsodium23:amd64 (1.0.18-1ubuntu0.24.04.1) ...
#6 77.98 Setting up libogg0:amd64 (1.3.5-3build1) ...
#6 77.99 Setting up liblerc4:amd64 (4.0.0+ds-4ubuntu2) ...
#6 77.99 Setting up libspeex1:amd64 (1.2.1-2ubuntu2.24.04.1) ...
#6 78.00 Setting up libgdbm6t64:amd64 (1.23-5.1build1) ...
#6 78.01 Setting up libshine3:amd64 (3.1.1-2build1) ...
#6 78.03 Setting up libx264-164:amd64 (2:0.164.3108+git31e19f9-1) ...
#6 78.04 Setting up libtwolame0:amd64 (0.4.0-2build3) ...
#6 78.04 Setting up libmbedcrypto7t64:amd64 (2.28.8-1) ...
#6 78.05 Setting up libdatrie1:amd64 (0.2.13-3build1) ...
#6 78.06 Setting up libgdbm-compat4t64:amd64 (1.23-5.1build1) ...
#6 78.07 Setting up libgsm1:amd64 (1.0.22-1build1) ...
#6 78.07 Setting up libzix-0-0:amd64 (0.4.2-2build1) ...
#6 78.08 Setting up libglvnd0:amd64 (1.7.0-1build1) ...
#6 78.09 Setting up libcodec2-1.2:amd64 (1.2.0-2build1) ...
#6 78.09 Setting up libbrotli1:amd64 (1.1.0-2build2) ...
#6 78.10 Setting up libsqlite3-0:amd64 (3.45.1-1ubuntu2.8) ...
#6 78.13 Setting up libgdk-pixbuf2.0-common (2.42.10+dfsg-3ubuntu3.3) ...
#6 78.13 Setting up libmysofa1:amd64 (1.3.2+dfsg-2ubuntu2) ...
#6 78.14 Setting up x11-common (1:7.7+23ubuntu3) ...
#6 78.27 invoke-rc.d: could not determine current runlevel
#6 78.27 invoke-rc.d: policy-rc.d denied execution of start.
#6 78.27 Setting up libsensors-config (1:3.6.0-9build1) ...
#6 78.29 Setting up libpsl5t64:amd64 (0.21.2-1.1build1) ...
#6 78.29 Setting up libnghttp2-14:amd64 (1.59.0-1ubuntu0.4) ...
#6 78.30 Setting up libcdio19t64:amd64 (2.1.0-4.1ubuntu1.2) ...
#6 78.31 Setting up libdeflate0:amd64 (1.19-1build1.1) ...
#6 78.33 Setting up xkb-data (2.41-2ubuntu1.1) ...
#6 78.33 Setting up libsvtav1enc1d1:amd64 (1.7.0+dfsg-2build1) ...
#6 78.34 Setting up libmpg123-0t64:amd64 (1.32.5-1ubuntu1.1) ...
#6 78.35 Setting up libgomp1:amd64 (14.2.0-4ubuntu2~24.04.1) ...
#6 78.36 Setting up libcjson1:amd64 (1.7.17-1) ...
#6 78.36 Setting up libxvidcore4:amd64 (2:1.3.7-1build1) ...
#6 78.37 Setting up libjbig0:amd64 (2.1-6.1ubuntu2) ...
#6 78.38 Setting up librav1e0:amd64 (0.7.1-2) ...
#6 78.39 Setting up libelf1t64:amd64 (0.190-1.1ubuntu0.1) ...
#6 78.39 Setting up libsnappy1v5:amd64 (1.1.10-1build1) ...
#6 78.40 Setting up libcdio-cdda2t64:amd64 (10.2+2.0.1-1.1build2) ...
#6 78.41 Setting up libkrb5support0:amd64 (1.20.1-6ubuntu2.10) ...
#6 78.43 Setting up libsasl2-modules-db:amd64 (2.1.28+dfsg1-5ubuntu3.1) ...
#6 78.44 Setting up librist4:amd64 (0.2.10+dfsg-2) ...
#6 78.45 Setting up tzdata (2026c-0ubuntu0.24.04.1) ...
#6 78.52 
#6 78.52 Current default time zone: 'Etc/UTC'
#6 78.52 Local time is now:      Thu Sep 24 07:12:31 UTC 2026.
#6 78.52 Universal Time is now:  Thu Sep 24 07:12:31 UTC 2026.
#6 78.52 Run 'dpkg-reconfigure tzdata' if you wish to change it.
#6 78.52 
#6 78.54 Setting up libasound2-data (1.2.11-1ubuntu0.3) ...
#6 78.54 Setting up libpgm-5.3-0t64:amd64 (5.3.128~dfsg-2.1build1) ...
#6 78.55 Setting up libglib2.0-0t64:amd64 (2.80.0-6ubuntu3.9) ...
#6 78.56 No schema files found: doing nothing.
#6 78.56 Setting up libblas3:amd64 (3.12.0-3build1.1) ...
#6 78.57 update-alternatives: using /usr/lib/x86_64-linux-gnu/blas/libblas.so.3 to provide /usr/lib/x86_64-linux-gnu/libblas.so.3 (libblas.so.3-x86_64-linux-gnu) in auto mode
#6 78.58 Setting up libasound2t64:amd64 (1.2.11-1ubuntu0.3) ...
#6 78.58 Setting up libslang2:amd64 (2.3.3-3build2) ...
#6 78.59 Setting up libva2:amd64 (2.20.0-2ubuntu0.2) ...
#6 78.60 Setting up libx11-data (2:1.8.7-1build1) ...
#6 78.60 Setting up librtmp1:amd64 (2.4+20151223.gitfa8646d.1-2build7) ...
#6 78.61 Setting up libdbus-1-3:amd64 (1.14.10-4ubuntu4.1) ...
#6 78.62 Setting up libfribidi0:amd64 (1.0.13-3build1) ...
#6 78.62 Setting up perl-modules-5.38 (5.38.2-3.2ubuntu0.6) ...
#6 78.63 Setting up libopus0:amd64 (1.4-1build1) ...
#6 78.64 Setting up libcdio-paranoia2t64:amd64 (10.2+2.0.1-1.1build2) ...
#6 78.64 Setting up fonts-dejavu-mono (2.37-8) ...
#6 78.66 Setting up libpng16-16t64:amd64 (1.6.43-5ubuntu0.6) ...
#6 78.66 Setting up libatomic1:amd64 (14.2.0-4ubuntu2~24.04.1) ...
#6 78.67 Setting up libvorbis0a:amd64 (1.3.7-1build3) ...
#6 78.68 Setting up libunibreak5:amd64 (5.1-2build1) ...
#6 78.70 Setting up fonts-dejavu-core (2.37-8) ...
#6 78.74 Setting up libsensors5:amd64 (1:3.6.0-9build1) ...
#6 78.74 Setting up libjxl0.7:amd64 (0.7.0-10.2ubuntu6.1) ...
#6 78.75 Setting up libk5crypto3:amd64 (1.20.1-6ubuntu2.10) ...
#6 78.76 Setting up libjpeg-turbo8:amd64 (2.1.5-2ubuntu2) ...
#6 78.76 Setting up libfftw3-double3:amd64 (3.3.10-1ubuntu3) ...
#6 78.77 Setting up libsasl2-2:amd64 (2.1.28+dfsg1-5ubuntu3.1) ...
#6 78.78 Setting up libgfortran5:amd64 (14.2.0-4ubuntu2~24.04.1) ...
#6 78.79 Setting up libvulkan1:amd64 (1.3.275.0-1build1) ...
#6 78.79 Setting up libwebp7:amd64 (1.3.2-0.4build3) ...
#6 78.80 Setting up libicu74:amd64 (74.2-1ubuntu3.1) ...
#6 78.80 Setting up libnuma1:amd64 (2.0.18-1ubuntu0.24.04.1) ...
#6 78.81 Setting up libvidstab1.1:amd64 (1.1.0-2build1) ...
#6 78.82 Setting up libvpx9:amd64 (1.14.0-1ubuntu2.3) ...
#6 78.82 Setting up libsrt1.5-gnutls:amd64 (1.5.3-1build2) ...
#6 78.83 Setting up libflite1:amd64 (2.2-6build3) ...
#6 78.84 Setting up libdav1d7:amd64 (1.4.1-1build1) ...
#6 78.84 Setting up ocl-icd-libopencl1:amd64 (2.3.2-1build1) ...
#6 78.85 Setting up libasyncns0:amd64 (0.8-6build4) ...
#6 78.86 Setting up libxshmfence1:amd64 (1.3-1build5) ...
#6 78.86 Setting up libbs2b0:amd64 (3.1.0+dfsg-7build1) ...
#6 78.87 Setting up libzimg2:amd64 (3.0.5+ds1-1build1) ...
#6 78.88 Setting up libopenjp2-7:amd64 (2.5.0-2ubuntu0.5) ...
#6 78.88 Setting up git-man (1:2.43.0-1ubuntu7.3) ...
#6 78.89 Setting up libopenal-data (1:1.23.1-4build1) ...
#6 78.90 Setting up libthai-data (0.1.29-2build1) ...
#6 78.90 Setting up netbase (6.4) ...
#6 78.92 Setting up libkrb5-3:amd64 (1.20.1-6ubuntu2.10) ...
#6 78.93 Setting up libflac12t64:amd64 (1.4.3+ds-2.1ubuntu2) ...
#6 78.93 Setting up libwayland-egl1:amd64 (1.22.0-2.1build1) ...
#6 78.94 Setting up libusb-1.0-0:amd64 (2:1.0.27-1) ...
#6 78.94 Setting up libperl5.38t64:amd64 (5.38.2-3.2ubuntu0.6) ...
#6 78.95 Setting up libsamplerate0:amd64 (0.2.2-4build1) ...
#6 78.96 Setting up openssl (3.0.13-0ubuntu3.15) ...
#6 78.97 Setting up libwebpmux3:amd64 (1.3.2-0.4build3) ...
#6 78.97 Setting up libbsd0:amd64 (0.12.1-1build1.1) ...
#6 78.98 Setting up libdrm-common (2.4.125-1ubuntu0.1~24.04.2) ...
#6 78.99 Setting up readline-common (8.2-4build1) ...
#6 78.99 Setting up libxml2:amd64 (2.9.14+dfsg-1.3ubuntu3.9) ...
#6 79.00 Setting up libldap2:amd64 (2.6.10+dfsg-0ubuntu0.24.04.1) ...
#6 79.01 Setting up libzvbi-common (0.2.42-2) ...
#6 79.01 Setting up libmp3lame0:amd64 (3.100-6build1) ...
#6 79.02 Setting up libvorbisenc2:amd64 (1.3.7-1build3) ...
#6 79.03 Setting up libiec61883-0:amd64 (1.2.0-6build1) ...
#6 79.03 Setting up libserd-0-0:amd64 (0.32.2-1) ...
#6 79.04 Setting up libxkbcommon0:amd64 (1.6.0-1build1) ...
#6 79.05 Setting up libwayland-client0:amd64 (1.22.0-2.1build1) ...
#6 79.05 Setting up libjpeg8:amd64 (8c-2ubuntu11) ...
#6 79.06 Setting up libavc1394-0:amd64 (0.5.4-5build3) ...
#6 79.06 Setting up libxdmcp6:amd64 (1:1.1.3-0ubuntu6) ...
#6 79.07 Setting up liblapack3:amd64 (3.12.0-3build1.1) ...
#6 79.08 update-alternatives: using /usr/lib/x86_64-linux-gnu/lapack/liblapack.so.3 to provide /usr/lib/x86_64-linux-gnu/liblapack.so.3 (liblapack.so.3-x86_64-linux-gnu) in auto mode
#6 79.08 Setting up libxcb1:amd64 (1.15-1ubuntu2) ...
#6 79.09 Setting up libxcb-xfixes0:amd64 (1.15-1ubuntu2) ...
#6 79.09 Setting up libcaca0:amd64 (0.99.beta20-4ubuntu0.2) ...
#6 79.10 Setting up libzvbi0t64:amd64 (0.2.42-2) ...
#6 79.11 Setting up libxcb-render0:amd64 (1.15-1ubuntu2) ...
#6 79.11 Setting up libsoxr0:amd64 (0.1.3-4build3) ...
#6 79.12 Setting up fontconfig-config (2.15.0-1.1ubuntu2) ...
#6 79.22 Setting up libxcb-glx0:amd64 (1.15-1ubuntu2) ...
#6 79.23 Setting up libedit2:amd64 (3.1-20230828-1build1) ...
#6 79.23 Setting up libxcb-shape0:amd64 (1.15-1ubuntu2) ...
#6 79.24 Setting up libxcb-shm0:amd64 (1.15-1ubuntu2) ...
#6 79.25 Setting up libxcb-present0:amd64 (1.15-1ubuntu2) ...
#6 79.25 Setting up libthai0:amd64 (0.1.29-2build1) ...
#6 79.26 Setting up ca-certificates (20260601~24.04.1) ...
#6 79.43 Updating certificates in /etc/ssl/certs...
#6 ...

#5 [internal] load build context
#5 transferring context: 55.89GB 79.5s
#5 ...

#6 [2/5] RUN apt-get update     && apt-get install -y --no-install-recommends         ca-certificates         curl         ffmpeg         git         libatomic1         libsndfile1         python3         python3.12-venv     && rm -rf /var/lib/apt/lists/*
#6 79.63 121 added, 0 removed; done.
#6 79.65 Setting up libvorbisfile3:amd64 (1.3.7-1build3) ...
#6 79.65 Setting up perl (5.38.2-3.2ubuntu0.6) ...
#6 79.66 Setting up libplacebo338:amd64 (6.338.2-2build1) ...
#6 79.67 Setting up libfreetype6:amd64 (2.13.2+dfsg-1ubuntu0.1) ...
#6 79.68 Setting up libxcb-sync1:amd64 (1.15-1ubuntu2) ...
#6 79.68 Setting up shared-mime-info (2.4-4) ...
#6 81.00 Setting up libdc1394-25:amd64 (2.2.6-4build1) ...
#6 81.00 Setting up libgssapi-krb5-2:amd64 (1.20.1-6ubuntu2.10) ...
#6 81.01 Setting up libllvm20:amd64 (1:20.1.2-0ubuntu1~24.04.3) ...
#6 81.02 Setting up libssh-4:amd64 (0.10.6-2ubuntu0.5) ...
#6 81.02 Setting up libx265-199:amd64 (3.5-2build1) ...
#6 81.03 Setting up librubberband2:amd64 (3.3.0+dfsg-2build1) ...
#6 81.05 Setting up libreadline8t64:amd64 (8.2-4build1) ...
#6 81.05 Setting up libsndio7.0:amd64 (1.9.0-0.3build3) ...
#6 81.06 Setting up libjack-jackd2-0:amd64 (1.9.21~dfsg-3ubuntu3) ...
#6 81.07 Setting up libdrm2:amd64 (2.4.125-1ubuntu0.1~24.04.2) ...
#6 81.07 Setting up libva-drm2:amd64 (2.20.0-2ubuntu0.2) ...
#6 81.09 Setting up libsord-0-0:amd64 (0.16.16-2build1) ...
#6 81.10 Setting up libtiff6:amd64 (4.5.1+git230720-4ubuntu2.5) ...
#6 81.10 Setting up libwayland-cursor0:amd64 (1.22.0-2.1build1) ...
#6 81.11 Setting up libxcb-randr0:amd64 (1.15-1ubuntu2) ...
#6 81.12 Setting up libsratom-0-0:amd64 (0.6.16-1build1) ...
#6 81.12 Setting up libdecor-0-0:amd64 (0.2.2-1build2) ...
#6 81.13 Setting up libx11-6:amd64 (2:1.8.7-1build1) ...
#6 81.14 Setting up libharfbuzz0b:amd64 (8.3.0-2build2) ...
#6 81.14 Setting up libgdk-pixbuf-2.0-0:amd64 (2.42.10+dfsg-3ubuntu3.3) ...
#6 81.16 Setting up libfontconfig1:amd64 (2.15.0-1.1ubuntu2) ...
#6 81.17 Setting up libsndfile1:amd64 (1.2.2-1ubuntu5.24.04.1) ...
#6 81.18 Setting up libbluray2:amd64 (1:1.3.4-1build1) ...
#6 81.18 Setting up liblilv-0-0:amd64 (0.24.22-1build1) ...
#6 81.19 Setting up libopenmpt0t64:amd64 (0.7.3-1.1build3) ...
#6 81.19 Setting up libdrm-amdgpu1:amd64 (2.4.125-1ubuntu0.1~24.04.2) ...
#6 81.20 Setting up libssh-gcrypt-4:amd64 (0.10.6-2ubuntu0.5) ...
#6 81.21 Setting up libxcb-dri3-0:amd64 (1.15-1ubuntu2) ...
#6 81.21 Setting up libx11-xcb1:amd64 (2:1.8.7-1build1) ...
#6 81.22 Setting up fontconfig (2.15.0-1.1ubuntu2) ...
#6 81.23 Regenerating fonts cache... done.
#6 83.24 Setting up libzmq5:amd64 (4.3.5-1build2) ...
#6 83.25 Setting up libpython3.12-stdlib:amd64 (3.12.3-1ubuntu0.17) ...
#6 83.26 Setting up libxrender1:amd64 (1:0.9.10-1.1build1) ...
#6 83.26 Setting up libcurl4t64:amd64 (8.5.0-2ubuntu10.13) ...
#6 83.27 Setting up libpulse0:amd64 (1:16.1+dfsg1-2ubuntu10.1) ...
#6 83.28 Setting up python3-pip-whl (24.0+dfsg-1ubuntu1.3) ...
#6 83.29 Setting up python3.12 (3.12.3-1ubuntu0.17) ...
#6 84.50 Setting up libpango-1.0-0:amd64 (1.52.1+ds-1build1) ...
#6 84.50 Setting up libdrm-intel1:amd64 (2.4.125-1ubuntu0.1~24.04.2) ...
#6 84.53 Setting up libcurl3t64-gnutls:amd64 (8.5.0-2ubuntu10.13) ...
#6 84.54 Setting up libxext6:amd64 (2:1.3.4-1build2) ...
#6 84.55 Setting up libopenal1:amd64 (1:1.23.1-4build1) ...
#6 84.56 Setting up libcairo2:amd64 (1.18.0-3build1) ...
#6 84.56 Setting up libxxf86vm1:amd64 (1:1.1.4-1build4) ...
#6 84.57 Setting up liberror-perl (0.17029-2) ...
#6 84.58 Setting up libsphinxbase3t64:amd64 (0.8+5prealpha+1-17build2) ...
#6 84.59 Setting up libass9:amd64 (1:0.17.1-2build1) ...
#6 84.59 Setting up libxfixes3:amd64 (1:6.0.0-2build1) ...
#6 84.61 Setting up libxv1:amd64 (2:1.0.11-1.1build1) ...
#6 84.62 Setting up libxrandr2:amd64 (2:1.5.2-2build1) ...
#6 84.63 Setting up git (1:2.43.0-1ubuntu7.3) ...
#6 84.66 Setting up libvdpau1:amd64 (1.5-2build1) ...
#6 84.68 Setting up libtheora0:amd64 (1.1.1+dfsg.1-16.1build3) ...
#6 84.69 Setting up libcairo-gobject2:amd64 (1.18.0-3build1) ...
#6 84.71 Setting up curl (8.5.0-2ubuntu10.13) ...
#6 84.72 Setting up libxss1:amd64 (1:1.2.3-1build3) ...
#6 84.74 Setting up libpangoft2-1.0-0:amd64 (1.52.1+ds-1build1) ...
#6 84.75 Setting up libva-x11-2:amd64 (2.20.0-2ubuntu0.2) ...
#6 84.77 Setting up libpangocairo-1.0-0:amd64 (1.52.1+ds-1build1) ...
#6 84.78 Setting up libpython3-stdlib:amd64 (3.12.3-0ubuntu2.1) ...
#6 84.80 Setting up mesa-libgallium:amd64 (25.2.8-0ubuntu0.24.04.2) ...
#6 84.81 Setting up libvpl2 (2023.3.0-1build1) ...
#6 84.82 Setting up libxi6:amd64 (2:1.8.1-1build1) ...
#6 84.83 Setting up libgbm1:amd64 (25.2.8-0ubuntu0.24.04.2) ...
#6 84.83 Setting up python3.12-venv (3.12.3-1ubuntu0.17) ...
#6 84.87 Setting up libxcursor1:amd64 (1:1.2.1-1build1) ...
#6 84.88 Setting up libgl1-mesa-dri:amd64 (25.2.8-0ubuntu0.24.04.2) ...
#6 84.91 Setting up libavutil58:amd64 (7:6.1.1-3ubuntu5) ...
#6 84.92 Setting up python3 (3.12.3-0ubuntu2.1) ...
#6 84.98 Setting up librsvg2-2:amd64 (2.58.0+dfsg-1build1) ...
#6 85.02 Setting up libpocketsphinx3:amd64 (0.8.0+real5prealpha+1-15ubuntu5) ...
#6 85.14 Setting up libswresample4:amd64 (7:6.1.1-3ubuntu5) ...
#6 85.16 Setting up libavcodec60:amd64 (7:6.1.1-3ubuntu5) ...
#6 85.17 Setting up libpostproc57:amd64 (7:6.1.1-3ubuntu5) ...
#6 85.17 Setting up libsdl2-2.0-0:amd64 (2.30.0+dfsg-1ubuntu3.1) ...
#6 85.19 Setting up libswscale7:amd64 (7:6.1.1-3ubuntu5) ...
#6 85.20 Setting up libglx-mesa0:amd64 (25.2.8-0ubuntu0.24.04.2) ...
#6 85.21 Setting up libglx0:amd64 (1.7.0-1build1) ...
#6 85.22 Setting up libavformat60:amd64 (7:6.1.1-3ubuntu5) ...
#6 85.22 Setting up libavfilter9:amd64 (7:6.1.1-3ubuntu5) ...
#6 85.23 Setting up libgl1:amd64 (1.7.0-1build1) ...
#6 85.24 Setting up libavdevice60:amd64 (7:6.1.1-3ubuntu5) ...
#6 85.25 Setting up ffmpeg (7:6.1.1-3ubuntu5) ...
#6 85.25 Processing triggers for libc-bin (2.39-0ubuntu8.8) ...
#6 85.33 Processing triggers for ca-certificates (20260601~24.04.1) ...
#6 85.33 Updating certificates in /etc/ssl/certs...
#6 85.77 0 added, 0 removed; done.
#6 85.77 Running hooks in /etc/ca-certificates/update.d...
#6 85.77 done.
#6 ...

#5 [internal] load build context
#5 transferring context: 60.39GB 89.7s
#5 ...

#6 [2/5] RUN apt-get update     && apt-get install -y --no-install-recommends         ca-certificates         curl         ffmpeg         git         libatomic1         libsndfile1         python3         python3.12-venv     && rm -rf /var/lib/apt/lists/*
#6 DONE 91.5s

#5 [internal] load build context
#5 ...

#7 [3/5] WORKDIR /workspace
#7 DONE 0.3s

#5 [internal] load build context
#5 transferring context: 63.24GB 94.8s
#5 transferring context: 67.27GB 99.8s
#5 transferring context: 71.20GB 104.8s
#5 transferring context: 73.18GB 109.9s
#5 transferring context: 76.50GB 114.9s
#5 transferring context: 79.13GB 120.0s
#5 transferring context: 80.26GB 125.0s
#5 transferring context: 82.23GB 127.6s done
#5 DONE 127.8s

#8 [4/5] COPY . /workspace
#8 DONE 102.1s

#9 [5/5] RUN QWEN3_TTS_ROCM_SKIP_VERIFY=1 bash scripts/install.sh     && rm -rf /root/.cache/pip /root/.cache/uv
#9 0.697 ==> [venv] uv not found — falling back to python3 -m venv (+ensurepip/upgrade pip)
#9 3.250 Looking in links: /tmp/tmpnrifhrk5
#9 3.250 Requirement already satisfied: pip in ./.venv/lib/python3.12/site-packages (24.0)
#9 3.320 ==> [python] Python 3.12.3
#9 3.322 ==> [torch] pinned AMD ROCm wheels from repo.amd.com (skipped fast when satisfied)
#9 3.498 Looking in indexes: https://repo.amd.com/rocm/whl-multi-arch/
#9 4.907 Collecting torch==2.12.0+rocm7.14.0 (from torch[device-gfx1151]==2.12.0+rocm7.14.0)
#9 5.143   Downloading https://repo.amd.com/rocm/whl-multi-arch/torch-2.12.0%2Brocm7.14.0-cp312-cp312-linux_x86_64.whl (203.8 MB)
#9 39.24      ━━━━━━━━━━━━━━━━━━━━━━━━━━━━━━━━━━━━━━ 203.8/203.8 MB 12.2 MB/s eta 0:00:00
#9 40.63 Collecting torchvision==0.27.0+rocm7.14.0 (from torchvision[device-gfx1151]==0.27.0+rocm7.14.0)
#9 41.15   Downloading https://repo.amd.com/rocm/whl-multi-arch/torchvision-0.27.0%2Brocm7.14.0-cp312-cp312-linux_x86_64.whl (1.1 MB)
#9 41.25      ━━━━━━━━━━━━━━━━━━━━━━━━━━━━━━━━━━━━━━━━ 1.1/1.1 MB 10.7 MB/s eta 0:00:00
#9 41.80 Collecting torchaudio==2.11.0+rocm7.14.0
#9 42.34   Downloading https://repo.amd.com/rocm/whl-multi-arch/torchaudio-2.11.0%2Brocm7.14.0-cp312-cp312-linux_x86_64.whl (1.5 MB)
#9 42.87      ━━━━━━━━━━━━━━━━━━━━━━━━━━━━━━━━━━━━━━━━ 1.5/1.5 MB 2.7 MB/s eta 0:00:00
#9 43.45 Collecting filelock (from torch==2.12.0+rocm7.14.0->torch[device-gfx1151]==2.12.0+rocm7.14.0)
#9 43.69   Downloading https://repo.amd.com/rocm/whl-multi-arch/filelock-3.29.1-py3-none-any.whl (40 kB)
#9 43.99      ━━━━━━━━━━━━━━━━━━━━━━━━━━━━━━━━━━━━━━━━ 40.8/40.8 kB 2.8 MB/s eta 0:00:00
#9 44.53 Collecting typing-extensions>=4.10.0 (from torch==2.12.0+rocm7.14.0->torch[device-gfx1151]==2.12.0+rocm7.14.0)
#9 44.77   Downloading https://repo.amd.com/rocm/whl-multi-arch/typing_extensions-4.15.0-py3-none-any.whl (44 kB)
#9 44.78      ━━━━━━━━━━━━━━━━━━━━━━━━━━━━━━━━━━━━━━━━ 44.6/44.6 kB 8.1 MB/s eta 0:00:00
#9 45.32 Collecting setuptools<82 (from torch==2.12.0+rocm7.14.0->torch[device-gfx1151]==2.12.0+rocm7.14.0)
#9 45.56   Downloading https://repo.amd.com/rocm/whl-multi-arch/setuptools-81.0.0-py3-none-any.whl (1.1 MB)
#9 45.92      ━━━━━━━━━━━━━━━━━━━━━━━━━━━━━━━━━━━━━━━━ 1.1/1.1 MB 2.9 MB/s eta 0:00:00
#9 46.46 Collecting sympy>=1.13.3 (from torch==2.12.0+rocm7.14.0->torch[device-gfx1151]==2.12.0+rocm7.14.0)
#9 46.70   Downloading https://repo.amd.com/rocm/whl-multi-arch/sympy-1.14.0-py3-none-any.whl (6.3 MB)
#9 47.68      ━━━━━━━━━━━━━━━━━━━━━━━━━━━━━━━━━━━━━━━━ 6.3/6.3 MB 6.4 MB/s eta 0:00:00
#9 48.24 Collecting networkx>=2.5.1 (from torch==2.12.0+rocm7.14.0->torch[device-gfx1151]==2.12.0+rocm7.14.0)
#9 48.47   Downloading https://repo.amd.com/rocm/whl-multi-arch/networkx-3.6.1-py3-none-any.whl (2.1 MB)
#9 49.20      ━━━━━━━━━━━━━━━━━━━━━━━━━━━━━━━━━━━━━━━━ 2.1/2.1 MB 2.8 MB/s eta 0:00:00
#9 49.74 Collecting jinja2 (from torch==2.12.0+rocm7.14.0->torch[device-gfx1151]==2.12.0+rocm7.14.0)
#9 49.98   Downloading https://repo.amd.com/rocm/whl-multi-arch/jinja2-3.1.6-py3-none-any.whl (134 kB)
#9 50.00      ━━━━━━━━━━━━━━━━━━━━━━━━━━━━━━━━━━━━━━━ 134.9/134.9 kB 6.8 MB/s eta 0:00:00
#9 50.54 Collecting fsspec>=0.8.5 (from torch==2.12.0+rocm7.14.0->torch[device-gfx1151]==2.12.0+rocm7.14.0)
#9 50.78   Downloading https://repo.amd.com/rocm/whl-multi-arch/fsspec-2026.4.0-py3-none-any.whl (203 kB)
#9 52.04      ━━━━━━━━━━━━━━━━━━━━━━━━━━━━━━━━━━━━━ 203.4/203.4 kB 152.6 kB/s eta 0:00:00
#9 52.59 Collecting rocm==7.14.0 (from rocm[libraries]==7.14.0->torch==2.12.0+rocm7.14.0->torch[device-gfx1151]==2.12.0+rocm7.14.0)
#9 52.84   Downloading https://repo.amd.com/rocm/whl-multi-arch/rocm-7.14.0.tar.gz (24 kB)
#9 52.86   Installing build dependencies: started
#9 54.85   Installing build dependencies: finished with status 'done'
#9 54.85   Getting requirements to build wheel: started
#9 54.96   Getting requirements to build wheel: finished with status 'done'
#9 54.96   Preparing metadata (pyproject.toml): started
#9 55.06   Preparing metadata (pyproject.toml): finished with status 'done'
#9 55.60 Collecting triton==3.7.1+git0263a6a6.rocm7.14.0 (from torch==2.12.0+rocm7.14.0->torch[device-gfx1151]==2.12.0+rocm7.14.0)
#9 56.12   Downloading https://repo.amd.com/rocm/whl-multi-arch/triton-3.7.1%2Bgit0263a6a6.rocm7.14.0-cp312-cp312-linux_x86_64.whl (367.1 MB)
#9 82.18      ━━━━━━━━━━━━━━━━━━━━━━━━━━━━━━━━━━━━━━ 367.1/367.1 MB 16.2 MB/s eta 0:00:00
#9 82.98 Collecting rocm-bootstrap (from torch==2.12.0+rocm7.14.0->torch[device-gfx1151]==2.12.0+rocm7.14.0)
#9 83.22   Downloading https://repo.amd.com/rocm/whl-multi-arch/rocm_bootstrap-0.1.0-py3-none-any.whl (27 kB)
#9 83.79 Collecting numpy (from torchvision==0.27.0+rocm7.14.0->torchvision[device-gfx1151]==0.27.0+rocm7.14.0)
#9 84.03   Downloading https://repo.amd.com/rocm/whl-multi-arch/numpy-2.4.4-cp312-cp312-manylinux_2_27_x86_64.manylinux_2_28_x86_64.whl (16.6 MB)
#9 85.03      ━━━━━━━━━━━━━━━━━━━━━━━━━━━━━━━━━━━━━━━━ 16.6/16.6 MB 23.7 MB/s eta 0:00:00
#9 85.59 Collecting pillow!=8.3.*,>=5.3.0 (from torchvision==0.27.0+rocm7.14.0->torchvision[device-gfx1151]==0.27.0+rocm7.14.0)
#9 86.21   Downloading https://repo.amd.com/rocm/whl-multi-arch/pillow-12.2.0-cp312-cp312-manylinux_2_27_x86_64.manylinux_2_28_x86_64.whl (7.1 MB)
#9 87.65      ━━━━━━━━━━━━━━━━━━━━━━━━━━━━━━━━━━━━━━━━ 7.1/7.1 MB 4.9 MB/s eta 0:00:00
#9 88.24 Collecting amd-torch-device-gfx1151==2.12.0+rocm7.14.0 (from torch[device-gfx1151]==2.12.0+rocm7.14.0)
#9 88.94   Downloading https://repo.amd.com/rocm/whl-multi-arch/amd_torch_device_gfx1151-2.12.0%2Brocm7.14.0-cp312-cp312-linux_x86_64.whl (50.4 MB)
#9 94.82      ━━━━━━━━━━━━━━━━━━━━━━━━━━━━━━━━━━━━━━━━ 50.4/50.4 MB 14.2 MB/s eta 0:00:00
#9 95.41 Collecting amd-torch-device-gfx11==2.12.0+rocm7.14.0 (from torch[device-gfx1151]==2.12.0+rocm7.14.0)
#9 95.64   Downloading https://repo.amd.com/rocm/whl-multi-arch/amd_torch_device_gfx11-2.12.0%2Brocm7.14.0-cp312-cp312-linux_x86_64.whl (475.6 MB)
#9 125.8      ━━━━━━━━━━━━━━━━━━━━━━━━━━━━━━━━━━━━━━ 475.6/475.6 MB 13.0 MB/s eta 0:00:00
#9 127.6 Collecting amd-torchvision-device-gfx1151==0.27.0+rocm7.14.0 (from torchvision[device-gfx1151]==0.27.0+rocm7.14.0)
#9 128.2   Downloading https://repo.amd.com/rocm/whl-multi-arch/amd_torchvision_device_gfx1151-0.27.0%2Brocm7.14.0-cp312-cp312-linux_x86_64.whl (137 kB)
#9 128.5      ━━━━━━━━━━━━━━━━━━━━━━━━━━━━━━━━━━━━━ 137.1/137.1 kB 405.4 kB/s eta 0:00:00
#9 129.0 Collecting rocm-sdk-device-gfx1151==7.14.0 (from amd-torch-device-gfx1151==2.12.0+rocm7.14.0->torch[device-gfx1151]==2.12.0+rocm7.14.0)
#9 129.3   Downloading https://repo.amd.com/rocm/whl-multi-arch/rocm_sdk_device_gfx1151-7.14.0-py3-none-linux_x86_64.whl (172.7 MB)
#9 140.5      ━━━━━━━━━━━━━━━━━━━━━━━━━━━━━━━━━━━━━━ 172.7/172.7 MB 11.3 MB/s eta 0:00:00
#9 141.1 Collecting rocm-sdk-core==7.14.0 (from rocm==7.14.0->rocm[libraries]==7.14.0->torch==2.12.0+rocm7.14.0->torch[device-gfx1151]==2.12.0+rocm7.14.0)
#9 141.4   Downloading https://repo.amd.com/rocm/whl-multi-arch/rocm_sdk_core-7.14.0-py3-none-linux_x86_64.whl (414.6 MB)
#9 168.2      ━━━━━━━━━━━━━━━━━━━━━━━━━━━━━━━━━━━━━━━ 414.6/414.6 MB 8.2 MB/s eta 0:00:00
#9 169.8 Collecting rocm-sdk-libraries==7.14.0 (from rocm[libraries]==7.14.0->torch==2.12.0+rocm7.14.0->torch[device-gfx1151]==2.12.0+rocm7.14.0)
#9 170.0   Downloading https://repo.amd.com/rocm/whl-multi-arch/rocm_sdk_libraries-7.14.0-py3-none-linux_x86_64.whl (143.0 MB)
#9 185.7      ━━━━━━━━━━━━━━━━━━━━━━━━━━━━━━━━━━━━━━━ 143.0/143.0 MB 9.3 MB/s eta 0:00:00
#9 186.5 Collecting mpmath<1.4,>=1.1.0 (from sympy>=1.13.3->torch==2.12.0+rocm7.14.0->torch[device-gfx1151]==2.12.0+rocm7.14.0)
#9 186.7   Downloading https://repo.amd.com/rocm/whl-multi-arch/mpmath-1.3.0-py3-none-any.whl (536 kB)
#9 187.8      ━━━━━━━━━━━━━━━━━━━━━━━━━━━━━━━━━━━━━ 536.2/536.2 kB 483.4 kB/s eta 0:00:00
#9 188.4 Collecting MarkupSafe>=2.0 (from jinja2->torch==2.12.0+rocm7.14.0->torch[device-gfx1151]==2.12.0+rocm7.14.0)
#9 188.6   Downloading https://repo.amd.com/rocm/whl-multi-arch/markupsafe-3.0.3-cp312-cp312-manylinux2014_x86_64.manylinux_2_17_x86_64.manylinux_2_28_x86_64.whl (22 kB)
#9 188.6 Building wheels for collected packages: rocm
#9 188.6   Building wheel for rocm (pyproject.toml): started
#9 188.8   Building wheel for rocm (pyproject.toml): finished with status 'done'
#9 188.8   Created wheel for rocm: filename=rocm-7.14.0-py3-none-any.whl size=28570 sha256=ab4b93be1987f8c2a686f07fd23540e5254b104ba23285428df5692e268fb65b
#9 188.8   Stored in directory: /root/.cache/pip/wheels/78/2f/c6/310dec83424466f3ce733993cb8913c095dca200f6f15b958e
#9 188.8 Successfully built rocm
#9 189.0 Installing collected packages: torchaudio, rocm-sdk-libraries, rocm-sdk-core, mpmath, typing-extensions, triton, sympy, setuptools, rocm-sdk-device-gfx1151, rocm-bootstrap, pillow, numpy, networkx, MarkupSafe, fsspec, filelock, jinja2, rocm, torch, torchvision, amd-torchvision-device-gfx1151, amd-torch-device-gfx1151, amd-torch-device-gfx11
#9 210.4 Successfully installed MarkupSafe-3.0.3 amd-torch-device-gfx11-2.12.0+rocm7.14.0 amd-torch-device-gfx1151-2.12.0+rocm7.14.0 amd-torchvision-device-gfx1151-0.27.0+rocm7.14.0 filelock-3.29.1 fsspec-2026.4.0 jinja2-3.1.6 mpmath-1.3.0 networkx-3.6.1 numpy-2.4.4 pillow-12.2.0 rocm-7.14.0 rocm-bootstrap-0.1.0 rocm-sdk-core-7.14.0 rocm-sdk-device-gfx1151-7.14.0 rocm-sdk-libraries-7.14.0 setuptools-81.0.0 sympy-1.14.0 torch-2.12.0+rocm7.14.0 torchaudio-2.11.0+rocm7.14.0 torchvision-0.27.0+rocm7.14.0 triton-3.7.1+git0263a6a6.rocm7.14.0 typing-extensions-4.15.0
#9 210.7 ==> [3/4] installing project + deps (large ROCm wheels; this may take a few minutes — 较大的 ROCm wheel 解压可能需要几分钟，若长时间无输出属正常)
#9 210.7 ==> [package] pip install -e ".[dev,demo]"
#9 210.9 Obtaining file:///workspace
#9 210.9   Installing build dependencies: started
#9 237.7   Installing build dependencies: finished with status 'done'
#9 237.7   Checking if build backend supports build_editable: started
#9 237.8   Checking if build backend supports build_editable: finished with status 'done'
#9 237.8   Getting requirements to build editable: started
#9 237.9   Getting requirements to build editable: finished with status 'done'
#9 237.9   Preparing editable metadata (pyproject.toml): started
#9 238.0   Preparing editable metadata (pyproject.toml): finished with status 'done'
#9 239.0 Collecting qwen-tts==0.1.1 (from qwen3-tts-rocm==0.2.0)
#9 241.1   Downloading qwen_tts-0.1.1-py3-none-any.whl.metadata (61 kB)
#9 241.4      ━━━━━━━━━━━━━━━━━━━━━━━━━━━━━━━━━━━━━━━ 61.4/61.4 kB 156.4 kB/s eta 0:00:00
#9 241.6 Collecting modelscope (from qwen3-tts-rocm==0.2.0)
#9 241.8   Downloading modelscope-1.40.1-py3-none-any.whl.metadata (43 kB)
#9 241.9      ━━━━━━━━━━━━━━━━━━━━━━━━━━━━━━━━━━━━━━━ 43.6/43.6 kB 677.7 kB/s eta 0:00:00
#9 242.3 Collecting huggingface_hub (from qwen3-tts-rocm==0.2.0)
#9 256.4   Downloading huggingface_hub-1.32.0-py3-none-any.whl.metadata (16 kB)
#9 257.5 Collecting transformers==4.57.3 (from qwen-tts==0.1.1->qwen3-tts-rocm==0.2.0)
#9 258.1   Downloading transformers-4.57.3-py3-none-any.whl.metadata (43 kB)
#9 258.1      ━━━━━━━━━━━━━━━━━━━━━━━━━━━━━━━━━━━━━━━ 44.0/44.0 kB 826.0 kB/s eta 0:00:00
#9 259.1 Collecting accelerate==1.12.0 (from qwen-tts==0.1.1->qwen3-tts-rocm==0.2.0)
#9 260.5   Downloading accelerate-1.12.0-py3-none-any.whl.metadata (19 kB)
#9 261.0 Collecting gradio (from qwen-tts==0.1.1->qwen3-tts-rocm==0.2.0)
#9 261.1   Downloading gradio-6.28.0-py3-none-any.whl.metadata (16 kB)
#9 262.1 Collecting librosa (from qwen-tts==0.1.1->qwen3-tts-rocm==0.2.0)
#9 268.4   Downloading librosa-1.0.0-py3-none-any.whl.metadata (6.7 kB)
#9 268.4 Requirement already satisfied: torchaudio in ./.venv/lib/python3.12/site-packages (from qwen-tts==0.1.1->qwen3-tts-rocm==0.2.0) (2.11.0+rocm7.14.0)
#9 268.6 Collecting soundfile (from qwen-tts==0.1.1->qwen3-tts-rocm==0.2.0)
#9 269.5   Downloading soundfile-0.14.0-py2.py3-none-manylinux_2_28_x86_64.whl.metadata (18 kB)
#9 269.7 Collecting sox (from qwen-tts==0.1.1->qwen3-tts-rocm==0.2.0)
#9 269.9   Downloading sox-1.5.0.tar.gz (63 kB)
#9 270.1      ━━━━━━━━━━━━━━━━━━━━━━━━━━━━━━━━━━━━━━━ 63.9/63.9 kB 452.0 kB/s eta 0:00:00
#9 270.1   Installing build dependencies: started
#9 271.8   Installing build dependencies: finished with status 'done'
#9 271.8   Getting requirements to build wheel: started
#9 271.9   Getting requirements to build wheel: finished with status 'done'
#9 271.9   Preparing metadata (pyproject.toml): started
#9 272.0   Preparing metadata (pyproject.toml): finished with status 'done'
#9 272.2 Collecting onnxruntime (from qwen-tts==0.1.1->qwen3-tts-rocm==0.2.0)
#9 272.4   Downloading onnxruntime-1.30.0-cp312-cp312-manylinux_2_28_x86_64.whl.metadata (5.7 kB)
#9 272.6 Collecting einops (from qwen-tts==0.1.1->qwen3-tts-rocm==0.2.0)
#9 272.7   Downloading einops-0.8.2-py3-none-any.whl.metadata (13 kB)
#9 272.8 Requirement already satisfied: numpy>=1.17 in ./.venv/lib/python3.12/site-packages (from accelerate==1.12.0->qwen-tts==0.1.1->qwen3-tts-rocm==0.2.0) (2.4.4)
#9 274.5 Collecting packaging>=20.0 (from accelerate==1.12.0->qwen-tts==0.1.1->qwen3-tts-rocm==0.2.0)
#9 274.5   Using cached packaging-26.3-py3-none-any.whl.metadata (3.5 kB)
#9 274.8 Collecting psutil (from accelerate==1.12.0->qwen-tts==0.1.1->qwen3-tts-rocm==0.2.0)
#9 287.1   Downloading psutil-7.2.2-cp36-abi3-manylinux2010_x86_64.manylinux_2_12_x86_64.manylinux_2_28_x86_64.whl.metadata (22 kB)
#9 287.3 Collecting pyyaml (from accelerate==1.12.0->qwen-tts==0.1.1->qwen3-tts-rocm==0.2.0)
#9 288.2   Downloading pyyaml-6.0.3-cp312-cp312-manylinux2014_x86_64.manylinux_2_17_x86_64.manylinux_2_28_x86_64.whl.metadata (2.4 kB)
#9 288.2 Requirement already satisfied: torch>=2.0.0 in ./.venv/lib/python3.12/site-packages (from accelerate==1.12.0->qwen-tts==0.1.1->qwen3-tts-rocm==0.2.0) (2.12.0+rocm7.14.0)
#9 290.0 Collecting safetensors>=0.4.3 (from accelerate==1.12.0->qwen-tts==0.1.1->qwen3-tts-rocm==0.2.0)
#9 290.2   Downloading safetensors-0.8.0-cp310-abi3-manylinux_2_17_x86_64.manylinux2014_x86_64.whl.metadata (4.2 kB)
#9 290.4 Requirement already satisfied: filelock in ./.venv/lib/python3.12/site-packages (from transformers==4.57.3->qwen-tts==0.1.1->qwen3-tts-rocm==0.2.0) (3.29.1)
#9 290.4 Collecting huggingface_hub (from qwen3-tts-rocm==0.2.0)
#9 290.9   Downloading huggingface_hub-0.36.2-py3-none-any.whl.metadata (15 kB)
#9 291.7 Collecting regex!=2019.12.17 (from transformers==4.57.3->qwen-tts==0.1.1->qwen3-tts-rocm==0.2.0)
#9 294.4   Downloading regex-2026.9.10-cp312-cp312-manylinux2014_x86_64.manylinux_2_17_x86_64.manylinux_2_28_x86_64.whl.metadata (40 kB)
#9 294.5      ━━━━━━━━━━━━━━━━━━━━━━━━━━━━━━━━━━━━━━━ 40.6/40.6 kB 464.7 kB/s eta 0:00:00
#9 294.7 Collecting requests (from transformers==4.57.3->qwen-tts==0.1.1->qwen3-tts-rocm==0.2.0)
#9 295.6   Downloading requests-2.34.2-py3-none-any.whl.metadata (4.8 kB)
#9 295.8 Collecting tokenizers<=0.23.0,>=0.22.0 (from transformers==4.57.3->qwen-tts==0.1.1->qwen3-tts-rocm==0.2.0)
#9 296.3   Downloading tokenizers-0.22.2-cp39-abi3-manylinux_2_17_x86_64.manylinux2014_x86_64.whl.metadata (7.3 kB)
#9 296.6 Collecting tqdm>=4.27 (from transformers==4.57.3->qwen-tts==0.1.1->qwen3-tts-rocm==0.2.0)
#9 302.0   Downloading tqdm-4.70.1-py3-none-any.whl.metadata (57 kB)
#9 302.2      ━━━━━━━━━━━━━━━━━━━━━━━━━━━━━━━━━━━━━━━ 57.4/57.4 kB 475.6 kB/s eta 0:00:00
#9 302.4 Collecting pytest (from qwen3-tts-rocm==0.2.0)
#9 302.5   Downloading pytest-9.1.1-py3-none-any.whl.metadata (7.6 kB)
#9 303.1 Collecting ruff (from qwen3-tts-rocm==0.2.0)
#9 303.6   Downloading ruff-0.16.8-py3-none-manylinux_2_17_x86_64.manylinux2014_x86_64.whl.metadata (20 kB)
#9 303.9 Collecting anyio<5.0,>=3.0 (from gradio->qwen-tts==0.1.1->qwen3-tts-rocm==0.2.0)
#9 304.4   Downloading anyio-4.15.1-py3-none-any.whl.metadata (4.7 kB)
#9 304.9 Collecting brotli>=1.1.0 (from gradio->qwen-tts==0.1.1->qwen3-tts-rocm==0.2.0)
#9 305.4   Downloading brotli-1.2.0-cp312-cp312-manylinux2014_x86_64.manylinux_2_17_x86_64.whl.metadata (6.1 kB)
#9 306.0 Collecting fastapi<1.0,>=0.115.2 (from gradio->qwen-tts==0.1.1->qwen3-tts-rocm==0.2.0)
#9 308.7   Downloading fastapi-0.141.1-py3-none-any.whl.metadata (27 kB)
#9 309.0 Collecting gradio-client==2.7.1 (from gradio->qwen-tts==0.1.1->qwen3-tts-rocm==0.2.0)
#9 309.9   Downloading gradio_client-2.7.1-py3-none-any.whl.metadata (7.1 kB)
#9 310.1 Collecting groovy~=0.1 (from gradio->qwen-tts==0.1.1->qwen3-tts-rocm==0.2.0)
#9 325.1   WARNING: Retrying (Retry(total=4, connect=None, read=None, redirect=None, status=None)) after connection broken by 'ReadTimeoutError("HTTPSConnectionPool(host='files.pythonhosted.org', port=443): Read timed out. (read timeout=15)")': /packages/28/27/3d6dcadc8a3214d8522c1e7f6a19554e33659be44546d44a2f7572ac7d2a/groovy-0.1.2-py3-none-any.whl.metadata
#9 325.6   Downloading groovy-0.1.2-py3-none-any.whl.metadata (6.1 kB)
#9 326.2 Collecting hf-gradio<1.0,>=0.4.1 (from gradio->qwen-tts==0.1.1->qwen3-tts-rocm==0.2.0)
#9 326.9   Downloading hf_gradio-0.4.1-py3-none-any.whl.metadata (428 bytes)
#9 327.1 Collecting httpx<1.0,>=0.24.1 (from gradio->qwen-tts==0.1.1->qwen3-tts-rocm==0.2.0)
#9 327.7   Downloading httpx-0.28.1-py3-none-any.whl.metadata (7.1 kB)
#9 327.7 INFO: pip is looking at multiple versions of gradio to determine which version is compatible with other requirements. This could take a while.
#9 327.7 Collecting gradio (from qwen-tts==0.1.1->qwen3-tts-rocm==0.2.0)
#9 327.9   Downloading gradio-6.27.0-py3-none-any.whl.metadata (17 kB)
#9 328.0 Collecting gradio-client==2.7.0 (from gradio->qwen-tts==0.1.1->qwen3-tts-rocm==0.2.0)
#9 328.1   Downloading gradio_client-2.7.0-py3-none-any.whl.metadata (7.1 kB)
#9 328.2 Collecting gradio (from qwen-tts==0.1.1->qwen3-tts-rocm==0.2.0)
#9 328.3   Downloading gradio-6.26.0-py3-none-any.whl.metadata (17 kB)
#9 328.4 Collecting gradio-client==2.6.1 (from gradio->qwen-tts==0.1.1->qwen3-tts-rocm==0.2.0)
#9 328.6   Downloading gradio_client-2.6.1-py3-none-any.whl.metadata (7.1 kB)
#9 328.6 Collecting gradio (from qwen-tts==0.1.1->qwen3-tts-rocm==0.2.0)
#9 328.8   Downloading gradio-6.25.0-py3-none-any.whl.metadata (17 kB)
#9 328.8 Collecting gradio-client==2.6.0 (from gradio->qwen-tts==0.1.1->qwen3-tts-rocm==0.2.0)
#9 329.0   Downloading gradio_client-2.6.0-py3-none-any.whl.metadata (7.1 kB)
#9 329.0 Collecting gradio (from qwen-tts==0.1.1->qwen3-tts-rocm==0.2.0)
#9 329.2   Downloading gradio-6.24.0-py3-none-any.whl.metadata (17 kB)
#9 329.4   Downloading gradio-6.23.1-py3-none-any.whl.metadata (17 kB)
#9 329.6   Downloading gradio-6.22.0-py3-none-any.whl.metadata (17 kB)
#9 329.8   Downloading gradio-6.21.0-py3-none-any.whl.metadata (17 kB)
#9 329.9 INFO: pip is still looking at multiple versions of gradio to determine which version is compatible with other requirements. This could take a while.
#9 330.4   Downloading gradio-6.20.0-py3-none-any.whl.metadata (17 kB)
#9 330.5 Collecting gradio-client==2.5.0 (from gradio->qwen-tts==0.1.1->qwen3-tts-rocm==0.2.0)
#9 330.7   Downloading gradio_client-2.5.0-py3-none-any.whl.metadata (7.1 kB)
#9 330.7 Collecting gradio (from qwen-tts==0.1.1->qwen3-tts-rocm==0.2.0)
#9 330.8   Downloading gradio-6.19.0-py3-none-any.whl.metadata (17 kB)
#9 331.1   Downloading gradio-6.18.0-py3-none-any.whl.metadata (17 kB)
#9 331.3   Downloading gradio-6.17.3-py3-none-any.whl.metadata (17 kB)
#9 331.4 Requirement already satisfied: jinja2<4.0 in ./.venv/lib/python3.12/site-packages (from gradio->qwen-tts==0.1.1->qwen3-tts-rocm==0.2.0) (3.1.6)
#9 331.4 Requirement already satisfied: markupsafe<4.0,>=2.0 in ./.venv/lib/python3.12/site-packages (from gradio->qwen-tts==0.1.1->qwen3-tts-rocm==0.2.0) (3.0.3)
#9 332.6 Collecting orjson~=3.0 (from gradio->qwen-tts==0.1.1->qwen3-tts-rocm==0.2.0)
#9 332.8   Downloading orjson-3.12.0-cp312-cp312-manylinux_2_17_x86_64.manylinux2014_x86_64.whl.metadata (41 kB)
#9 332.9      ━━━━━━━━━━━━━━━━━━━━━━━━━━━━━━━━━━━━━━━ 42.0/42.0 kB 233.5 kB/s eta 0:00:00
#9 334.0 Collecting pandas<4.0,>=1.0 (from gradio->qwen-tts==0.1.1->qwen3-tts-rocm==0.2.0)
#9 334.1   Downloading pandas-3.0.6-cp312-cp312-manylinux_2_24_x86_64.manylinux_2_28_x86_64.whl.metadata (79 kB)
#9 334.3      ━━━━━━━━━━━━━━━━━━━━━━━━━━━━━━━━━━━━━━━ 79.5/79.5 kB 455.4 kB/s eta 0:00:00
#9 334.3 Requirement already satisfied: pillow<13.0,>=8.0 in ./.venv/lib/python3.12/site-packages (from gradio->qwen-tts==0.1.1->qwen3-tts-rocm==0.2.0) (12.2.0)
#9 334.6 Collecting pydantic<=3.0,>=2.0 (from gradio->qwen-tts==0.1.1->qwen3-tts-rocm==0.2.0)
#9 335.1   Downloading pydantic-2.13.5-py3-none-any.whl.metadata (110 kB)
#9 335.3      ━━━━━━━━━━━━━━━━━━━━━━━━━━━━━━━━━━━━━ 110.2/110.2 kB 580.7 kB/s eta 0:00:00
#9 335.8 Collecting pydub<1.0 (from gradio->qwen-tts==0.1.1->qwen3-tts-rocm==0.2.0)
#9 336.0   Downloading pydub-0.25.1-py2.py3-none-any.whl.metadata (1.4 kB)
#9 336.5 Collecting python-multipart<1.0,>=0.0.18 (from gradio->qwen-tts==0.1.1->qwen3-tts-rocm==0.2.0)
#9 336.7   Downloading python_multipart-0.0.32-py3-none-any.whl.metadata (2.1 kB)
#9 336.9 Collecting pytz>=2017.2 (from gradio->qwen-tts==0.1.1->qwen3-tts-rocm==0.2.0)
#9 337.4   Downloading pytz-2026.4-py2.py3-none-any.whl.metadata (22 kB)
#9 337.8 Collecting safehttpx<0.2.0,>=0.1.7 (from gradio->qwen-tts==0.1.1->qwen3-tts-rocm==0.2.0)
#9 339.1   Downloading safehttpx-0.1.7-py3-none-any.whl.metadata (4.2 kB)
#9 339.3 Collecting semantic-version~=2.0 (from gradio->qwen-tts==0.1.1->qwen3-tts-rocm==0.2.0)
#9 339.8   Downloading semantic_version-2.10.0-py2.py3-none-any.whl.metadata (9.7 kB)
#9 340.2 Collecting starlette<2.0,>=1.0.1 (from gradio->qwen-tts==0.1.1->qwen3-tts-rocm==0.2.0)
#9 340.3   Downloading starlette-1.7.0-py3-none-any.whl.metadata (6.6 kB)
#9 341.3 Collecting tomlkit<0.15.0,>=0.12.0 (from gradio->qwen-tts==0.1.1->qwen3-tts-rocm==0.2.0)
#9 342.9   Downloading tomlkit-0.14.0-py3-none-any.whl.metadata (2.8 kB)
#9 343.1 Collecting typer<1.0,>=0.12 (from gradio->qwen-tts==0.1.1->qwen3-tts-rocm==0.2.0)
#9 343.2   Downloading typer-0.27.2-py3-none-any.whl.metadata (16 kB)
#9 343.3 Requirement already satisfied: typing-extensions~=4.0 in ./.venv/lib/python3.12/site-packages (from gradio->qwen-tts==0.1.1->qwen3-tts-rocm==0.2.0) (4.15.0)
#9 343.5 Collecting uvicorn>=0.14.0 (from gradio->qwen-tts==0.1.1->qwen3-tts-rocm==0.2.0)
#9 343.6   Downloading uvicorn-0.53.0-py3-none-any.whl.metadata (6.6 kB)
#9 343.6 Requirement already satisfied: fsspec in ./.venv/lib/python3.12/site-packages (from gradio-client==2.5.0->gradio->qwen-tts==0.1.1->qwen3-tts-rocm==0.2.0) (2026.4.0)
#9 343.9 Collecting hf-xet<2.0.0,>=1.1.3 (from huggingface_hub->qwen3-tts-rocm==0.2.0)
#9 344.4   Downloading hf_xet-1.6.0-cp38-abi3-manylinux2014_x86_64.manylinux_2_17_x86_64.whl.metadata (4.9 kB)
#9 345.5 Collecting modelscope-hub>=0.4.2 (from modelscope->qwen3-tts-rocm==0.2.0)
#9 345.7   Downloading modelscope_hub-0.4.5-py3-none-any.whl.metadata (47 kB)
#9 345.8      ━━━━━━━━━━━━━━━━━━━━━━━━━━━━━━━━━━━━━━━ 47.9/47.9 kB 899.9 kB/s eta 0:00:00
#9 345.8 Requirement already satisfied: setuptools in ./.venv/lib/python3.12/site-packages (from modelscope->qwen3-tts-rocm==0.2.0) (81.0.0)
#9 346.7 Collecting urllib3>=1.26 (from modelscope->qwen3-tts-rocm==0.2.0)
#9 346.9   Downloading urllib3-2.8.0-py3-none-any.whl.metadata (7.4 kB)
#9 347.1 Collecting iniconfig>=1.0.1 (from pytest->qwen3-tts-rocm==0.2.0)
#9 347.2   Downloading iniconfig-2.3.0-py3-none-any.whl.metadata (2.5 kB)
#9 348.1 Collecting pluggy<2,>=1.5 (from pytest->qwen3-tts-rocm==0.2.0)
#9 348.6   Downloading pluggy-1.6.0-py3-none-any.whl.metadata (4.8 kB)
#9 348.9 Collecting pygments>=2.7.2 (from pytest->qwen3-tts-rocm==0.2.0)
#9 350.1   Downloading pygments-2.21.0-py3-none-any.whl.metadata (2.5 kB)
#9 350.4 Collecting cffi>=1.0 (from soundfile->qwen-tts==0.1.1->qwen3-tts-rocm==0.2.0)
#9 350.6   Downloading cffi-2.1.1-cp312-cp312-manylinux2014_x86_64.manylinux_2_17_x86_64.whl.metadata (2.5 kB)
#9 350.8 Collecting idna>=2.8 (from anyio<5.0,>=3.0->gradio->qwen-tts==0.1.1->qwen3-tts-rocm==0.2.0)
#9 350.9   Downloading idna-3.20-py3-none-any.whl.metadata (7.2 kB)
#9 351.1 Collecting typing-extensions~=4.0 (from gradio->qwen-tts==0.1.1->qwen3-tts-rocm==0.2.0)
#9 351.6   Downloading typing_extensions-4.16.0-py3-none-any.whl.metadata (3.3 kB)
#9 351.8 Collecting pycparser (from cffi>=1.0->soundfile->qwen-tts==0.1.1->qwen3-tts-rocm==0.2.0)
#9 352.0   Downloading pycparser-3.0-py3-none-any.whl.metadata (8.2 kB)
#9 352.2 Collecting typing-inspection>=0.4.2 (from fastapi<1.0,>=0.115.2->gradio->qwen-tts==0.1.1->qwen3-tts-rocm==0.2.0)
#9 352.4   Downloading typing_inspection-0.4.4-py3-none-any.whl.metadata (2.6 kB)
#9 352.9 Collecting annotated-doc>=0.0.2 (from fastapi<1.0,>=0.115.2->gradio->qwen-tts==0.1.1->qwen3-tts-rocm==0.2.0)
#9 353.1   Downloading annotated_doc-0.0.5-py3-none-any.whl.metadata (6.5 kB)
#9 353.3 Collecting certifi (from httpx<1.0,>=0.24.1->gradio->qwen-tts==0.1.1->qwen3-tts-rocm==0.2.0)
#9 353.5   Downloading certifi-2026.7.22-py3-none-any.whl.metadata (2.5 kB)
#9 353.7 Collecting httpcore==1.* (from httpx<1.0,>=0.24.1->gradio->qwen-tts==0.1.1->qwen3-tts-rocm==0.2.0)
#9 353.8   Downloading httpcore-1.0.9-py3-none-any.whl.metadata (21 kB)
#9 354.4 Collecting h11>=0.16 (from httpcore==1.*->httpx<1.0,>=0.24.1->gradio->qwen-tts==0.1.1->qwen3-tts-rocm==0.2.0)
#9 354.6   Downloading h11-0.16.0-py3-none-any.whl.metadata (8.3 kB)
#9 357.6 Collecting cryptography>=41 (from modelscope-hub>=0.4.2->modelscope->qwen3-tts-rocm==0.2.0)
#9 358.5   Downloading cryptography-50.0.1-cp311-abi3-manylinux_2_34_x86_64.whl.metadata (4.3 kB)
#9 358.7 Collecting python-dateutil>=2.8.2 (from pandas<4.0,>=1.0->gradio->qwen-tts==0.1.1->qwen3-tts-rocm==0.2.0)
#9 358.9   Downloading python_dateutil-2.9.0.post0-py2.py3-none-any.whl.metadata (8.4 kB)
#9 359.4 Collecting annotated-types>=0.6.0 (from pydantic<=3.0,>=2.0->gradio->qwen-tts==0.1.1->qwen3-tts-rocm==0.2.0)
#9 359.9   Downloading annotated_types-0.8.0-py3-none-any.whl.metadata (15 kB)
#9 361.2 Collecting pydantic-core==2.46.5 (from pydantic<=3.0,>=2.0->gradio->qwen-tts==0.1.1->qwen3-tts-rocm==0.2.0)
#9 361.7   Downloading pydantic_core-2.46.5-cp312-cp312-manylinux_2_17_x86_64.manylinux2014_x86_64.whl.metadata (6.6 kB)
#9 362.4 Collecting charset_normalizer<4,>=2 (from requests->transformers==4.57.3->qwen-tts==0.1.1->qwen3-tts-rocm==0.2.0)
#9 362.5   Downloading charset_normalizer-3.5.1-cp312-cp312-manylinux2014_x86_64.manylinux_2_17_x86_64.manylinux_2_28_x86_64.whl.metadata (45 kB)
#9 362.6      ━━━━━━━━━━━━━━━━━━━━━━━━━━━━━━━━━━━━━━━ 45.9/45.9 kB 703.4 kB/s eta 0:00:00
#9 362.8 Collecting shellingham>=1.3.0 (from typer<1.0,>=0.12->gradio->qwen-tts==0.1.1->qwen3-tts-rocm==0.2.0)
#9 363.0   Downloading shellingham-1.5.4-py2.py3-none-any.whl.metadata (3.5 kB)
#9 363.2 Collecting rich>=13.8.0 (from typer<1.0,>=0.12->gradio->qwen-tts==0.1.1->qwen3-tts-rocm==0.2.0)
#9 363.4   Downloading rich-15.0.0-py3-none-any.whl.metadata (18 kB)
#9 363.8 Collecting click>=7.0 (from uvicorn>=0.14.0->gradio->qwen-tts==0.1.1->qwen3-tts-rocm==0.2.0)
#9 364.0   Downloading click-8.5.0-py3-none-any.whl.metadata (2.6 kB)
#9 364.3 Collecting numba>=0.61.0 (from librosa->qwen-tts==0.1.1->qwen3-tts-rocm==0.2.0)
#9 364.5   Downloading numba-0.67.0-cp312-cp312-manylinux2014_x86_64.manylinux_2_17_x86_64.whl.metadata (2.7 kB)
#9 364.8 Collecting scipy>=1.15.0 (from librosa->qwen-tts==0.1.1->qwen3-tts-rocm==0.2.0)
#9 365.0   Downloading scipy-1.18.1-cp312-cp312-manylinux_2_27_x86_64.manylinux_2_28_x86_64.whl.metadata (62 kB)
#9 365.0      ━━━━━━━━━━━━━━━━━━━━━━━━━━━━━━━━━━━━━━━ 62.4/62.4 kB 697.3 kB/s eta 0:00:00
#9 365.3 Collecting scikit-learn>=1.6.0 (from librosa->qwen-tts==0.1.1->qwen3-tts-rocm==0.2.0)
#9 365.5   Downloading scikit_learn-1.9.1-cp312-cp312-manylinux_2_27_x86_64.manylinux_2_28_x86_64.whl.metadata (9.3 kB)
#9 366.0 Collecting joblib>=1.2 (from librosa->qwen-tts==0.1.1->qwen3-tts-rocm==0.2.0)
#9 366.2   Downloading joblib-1.6.0-py3-none-any.whl.metadata (6.5 kB)
#9 366.4 Collecting decorator>=5.2.1 (from librosa->qwen-tts==0.1.1->qwen3-tts-rocm==0.2.0)
#9 366.5   Downloading decorator-5.3.1-py3-none-any.whl.metadata (3.9 kB)
#9 366.7 Collecting pooch>=1.7 (from librosa->qwen-tts==0.1.1->qwen3-tts-rocm==0.2.0)
#9 367.2   Downloading pooch-1.9.0-py3-none-any.whl.metadata (10 kB)
#9 368.2 Collecting soxr>=1.0.0 (from librosa->qwen-tts==0.1.1->qwen3-tts-rocm==0.2.0)
#9 370.9   Downloading soxr-1.1.0-cp312-abi3-manylinux_2_27_x86_64.manylinux_2_28_x86_64.whl.metadata (5.8 kB)
#9 371.8 Collecting lazy_loader>=0.3 (from librosa->qwen-tts==0.1.1->qwen3-tts-rocm==0.2.0)
#9 372.0   Downloading lazy_loader-0.6-py3-none-any.whl.metadata (6.0 kB)
#9 372.3 Collecting msgpack>=1.0.5 (from librosa->qwen-tts==0.1.1->qwen3-tts-rocm==0.2.0)
#9 372.8   Downloading msgpack-1.2.2-cp312-cp312-manylinux2014_x86_64.manylinux_2_17_x86_64.manylinux_2_28_x86_64.whl.metadata (8.3 kB)
#9 373.4 Collecting flatbuffers (from onnxruntime->qwen-tts==0.1.1->qwen3-tts-rocm==0.2.0)
#9 373.9   Downloading flatbuffers-25.12.19-py2.py3-none-any.whl.metadata (1.0 kB)
#9 374.2 Collecting protobuf>=4.25.8 (from onnxruntime->qwen-tts==0.1.1->qwen3-tts-rocm==0.2.0)
#9 374.7   Downloading protobuf-7.36.2-cp310-abi3-manylinux2014_x86_64.whl.metadata (595 bytes)
#9 375.4 Collecting cloudpickle>=3.0 (from joblib>=1.2->librosa->qwen-tts==0.1.1->qwen3-tts-rocm==0.2.0)
#9 375.5   Downloading cloudpickle-3.1.2-py3-none-any.whl.metadata (7.1 kB)
#9 376.2 Collecting llvmlite<0.50,>=0.49.0dev0 (from numba>=0.61.0->librosa->qwen-tts==0.1.1->qwen3-tts-rocm==0.2.0)
#9 376.3   Downloading llvmlite-0.49.0-cp312-cp312-manylinux2014_x86_64.manylinux_2_17_x86_64.whl.metadata (5.0 kB)
#9 376.5 Collecting platformdirs>=2.5.0 (from pooch>=1.7->librosa->qwen-tts==0.1.1->qwen3-tts-rocm==0.2.0)
#9 377.4   Downloading platformdirs-4.11.12-py3-none-any.whl.metadata (5.5 kB)
#9 377.6 Collecting six>=1.5 (from python-dateutil>=2.8.2->pandas<4.0,>=1.0->gradio->qwen-tts==0.1.1->qwen3-tts-rocm==0.2.0)
#9 377.8   Downloading six-1.17.0-py2.py3-none-any.whl.metadata (1.7 kB)
#9 378.0 Collecting markdown-it-py>=2.2.0 (from rich>=13.8.0->typer<1.0,>=0.12->gradio->qwen-tts==0.1.1->qwen3-tts-rocm==0.2.0)
#9 378.5   Downloading markdown_it_py-4.2.0-py3-none-any.whl.metadata (7.4 kB)
#9 378.8 Collecting narwhals>=2.0.1 (from scikit-learn>=1.6.0->librosa->qwen-tts==0.1.1->qwen3-tts-rocm==0.2.0)
#9 378.9   Downloading narwhals-2.26.0-py3-none-any.whl.metadata (15 kB)
#9 379.2 Collecting threadpoolctl>=3.5.0 (from scikit-learn>=1.6.0->librosa->qwen-tts==0.1.1->qwen3-tts-rocm==0.2.0)
#9 379.3   Downloading threadpoolctl-3.7.0-py3-none-any.whl.metadata (24 kB)
#9 379.5 Requirement already satisfied: sympy>=1.13.3 in ./.venv/lib/python3.12/site-packages (from torch>=2.0.0->accelerate==1.12.0->qwen-tts==0.1.1->qwen3-tts-rocm==0.2.0) (1.14.0)
#9 379.5 Requirement already satisfied: networkx>=2.5.1 in ./.venv/lib/python3.12/site-packages (from torch>=2.0.0->accelerate==1.12.0->qwen-tts==0.1.1->qwen3-tts-rocm==0.2.0) (3.6.1)
#9 379.5 Requirement already satisfied: rocm==7.14.0 in ./.venv/lib/python3.12/site-packages (from rocm[libraries]==7.14.0->torch>=2.0.0->accelerate==1.12.0->qwen-tts==0.1.1->qwen3-tts-rocm==0.2.0) (7.14.0)
#9 379.5 Requirement already satisfied: triton==3.7.1+git0263a6a6.rocm7.14.0 in ./.venv/lib/python3.12/site-packages (from torch>=2.0.0->accelerate==1.12.0->qwen-tts==0.1.1->qwen3-tts-rocm==0.2.0) (3.7.1+git0263a6a6.rocm7.14.0)
#9 379.5 Requirement already satisfied: rocm-bootstrap in ./.venv/lib/python3.12/site-packages (from torch>=2.0.0->accelerate==1.12.0->qwen-tts==0.1.1->qwen3-tts-rocm==0.2.0) (0.1.0)
#9 379.5 Requirement already satisfied: rocm-sdk-core==7.14.0 in ./.venv/lib/python3.12/site-packages (from rocm==7.14.0->rocm[libraries]==7.14.0->torch>=2.0.0->accelerate==1.12.0->qwen-tts==0.1.1->qwen3-tts-rocm==0.2.0) (7.14.0)
#9 379.5 Requirement already satisfied: rocm-sdk-libraries==7.14.0 in ./.venv/lib/python3.12/site-packages (from rocm[libraries]==7.14.0->torch>=2.0.0->accelerate==1.12.0->qwen-tts==0.1.1->qwen3-tts-rocm==0.2.0) (7.14.0)
#9 379.8 Collecting mdurl~=0.1 (from markdown-it-py>=2.2.0->rich>=13.8.0->typer<1.0,>=0.12->gradio->qwen-tts==0.1.1->qwen3-tts-rocm==0.2.0)
#9 380.0   Downloading mdurl-0.1.2-py3-none-any.whl.metadata (1.6 kB)
#9 380.0 Requirement already satisfied: mpmath<1.4,>=1.1.0 in ./.venv/lib/python3.12/site-packages (from sympy>=1.13.3->torch>=2.0.0->accelerate==1.12.0->qwen-tts==0.1.1->qwen3-tts-rocm==0.2.0) (1.3.0)
#9 380.2 Downloading qwen_tts-0.1.1-py3-none-any.whl (113 kB)
#9 380.5    ━━━━━━━━━━━━━━━━━━━━━━━━━━━━━━━━━━━━━━━ 113.5/113.5 kB 446.9 kB/s eta 0:00:00
#9 380.7 Downloading accelerate-1.12.0-py3-none-any.whl (380 kB)
#9 381.4    ━━━━━━━━━━━━━━━━━━━━━━━━━━━━━━━━━━━━━━━ 380.9/380.9 kB 500.3 kB/s eta 0:00:00
#9 381.6 Downloading transformers-4.57.3-py3-none-any.whl (12.0 MB)
#9 388.1    ━━━━━━━━━━━━━━━━━━━━━━━━━━━━━━━━━━━━━━━━ 12.0/12.0 MB 2.3 MB/s eta 0:00:00
#9 403.2 WARNING: Retrying (Retry(total=4, connect=None, read=None, redirect=None, status=None)) after connection broken by 'ReadTimeoutError("HTTPSConnectionPool(host='files.pythonhosted.org', port=443): Read timed out. (read timeout=15)")': /packages/28/c9/e179c9b3211b34e139e0998e835dd15fd2fcdd4a18cd99449e3c4600e260/gradio-6.17.3-py3-none-any.whl
#9 403.4 Downloading gradio-6.17.3-py3-none-any.whl (32.3 MB)
#9 405.5    ━━━━━━━━━━━━━━━━━━━━━━━━━━━━━━━━━━━━━━━━ 32.3/32.3 MB 16.7 MB/s eta 0:00:00
#9 405.6 Downloading gradio_client-2.5.0-py3-none-any.whl (59 kB)
#9 405.6    ━━━━━━━━━━━━━━━━━━━━━━━━━━━━━━━━━━━━━━━━ 60.0/60.0 kB 16.5 MB/s eta 0:00:00
#9 405.6 Downloading huggingface_hub-0.36.2-py3-none-any.whl (566 kB)
#9 405.6    ━━━━━━━━━━━━━━━━━━━━━━━━━━━━━━━━━━━━━━━━ 566.4/566.4 kB 32.5 MB/s eta 0:00:00
#9 405.7 Downloading modelscope-1.40.1-py3-none-any.whl (6.1 MB)
#9 405.9    ━━━━━━━━━━━━━━━━━━━━━━━━━━━━━━━━━━━━━━━━ 6.1/6.1 MB 27.6 MB/s eta 0:00:00
#9 406.0 Downloading pytest-9.1.1-py3-none-any.whl (386 kB)
#9 406.0    ━━━━━━━━━━━━━━━━━━━━━━━━━━━━━━━━━━━━━━━━ 386.5/386.5 kB 35.2 MB/s eta 0:00:00
#9 406.6 Downloading ruff-0.16.8-py3-none-manylinux_2_17_x86_64.manylinux2014_x86_64.whl (10.3 MB)
#9 407.0    ━━━━━━━━━━━━━━━━━━━━━━━━━━━━━━━━━━━━━━━━ 10.3/10.3 MB 29.5 MB/s eta 0:00:00
#9 407.0 Downloading soundfile-0.14.0-py2.py3-none-manylinux_2_28_x86_64.whl (1.3 MB)
#9 407.1    ━━━━━━━━━━━━━━━━━━━━━━━━━━━━━━━━━━━━━━━━ 1.3/1.3 MB 25.8 MB/s eta 0:00:00
#9 407.2 Downloading anyio-4.15.1-py3-none-any.whl (132 kB)
#9 407.2    ━━━━━━━━━━━━━━━━━━━━━━━━━━━━━━━━━━━━━━━━ 132.1/132.1 kB 21.9 MB/s eta 0:00:00
#9 407.2 Downloading brotli-1.2.0-cp312-cp312-manylinux2014_x86_64.manylinux_2_17_x86_64.whl (1.4 MB)
#9 407.3    ━━━━━━━━━━━━━━━━━━━━━━━━━━━━━━━━━━━━━━━━ 1.4/1.4 MB 29.2 MB/s eta 0:00:00
#9 407.3 Downloading cffi-2.1.1-cp312-cp312-manylinux2014_x86_64.manylinux_2_17_x86_64.whl (221 kB)
#9 407.3    ━━━━━━━━━━━━━━━━━━━━━━━━━━━━━━━━━━━━━━━━ 221.8/221.8 kB 39.3 MB/s eta 0:00:00
#9 407.4 Downloading fastapi-0.141.1-py3-none-any.whl (131 kB)
#9 407.4    ━━━━━━━━━━━━━━━━━━━━━━━━━━━━━━━━━━━━━━━━ 132.0/132.0 kB 26.0 MB/s eta 0:00:00
#9 407.5 Downloading groovy-0.1.2-py3-none-any.whl (14 kB)
#9 407.6 Downloading hf_gradio-0.4.1-py3-none-any.whl (4.5 kB)
#9 407.6 Downloading hf_xet-1.6.0-cp38-abi3-manylinux2014_x86_64.manylinux_2_17_x86_64.whl (4.5 MB)
#9 407.8    ━━━━━━━━━━━━━━━━━━━━━━━━━━━━━━━━━━━━━━━━ 4.5/4.5 MB 31.6 MB/s eta 0:00:00
#9 407.8 Downloading httpx-0.28.1-py3-none-any.whl (73 kB)
#9 407.8    ━━━━━━━━━━━━━━━━━━━━━━━━━━━━━━━━━━━━━━━━ 73.5/73.5 kB 15.0 MB/s eta 0:00:00
#9 407.9 Downloading httpcore-1.0.9-py3-none-any.whl (78 kB)
#9 407.9    ━━━━━━━━━━━━━━━━━━━━━━━━━━━━━━━━━━━━━━━━ 78.8/78.8 kB 17.0 MB/s eta 0:00:00
#9 408.3 Downloading iniconfig-2.3.0-py3-none-any.whl (7.5 kB)
#9 408.3 Downloading modelscope_hub-0.4.5-py3-none-any.whl (236 kB)
#9 408.3    ━━━━━━━━━━━━━━━━━━━━━━━━━━━━━━━━━━━━━━━━ 236.4/236.4 kB 40.3 MB/s eta 0:00:00
#9 408.4 Downloading orjson-3.12.0-cp312-cp312-manylinux_2_17_x86_64.manylinux2014_x86_64.whl (131 kB)
#9 408.4    ━━━━━━━━━━━━━━━━━━━━━━━━━━━━━━━━━━━━━━━━ 131.2/131.2 kB 34.6 MB/s eta 0:00:00
#9 408.4 Using cached packaging-26.3-py3-none-any.whl (129 kB)
#9 408.5 Downloading pandas-3.0.6-cp312-cp312-manylinux_2_24_x86_64.manylinux_2_28_x86_64.whl (10.8 MB)
#9 408.9    ━━━━━━━━━━━━━━━━━━━━━━━━━━━━━━━━━━━━━━━━ 10.8/10.8 MB 26.9 MB/s eta 0:00:00
#9 408.9 Downloading pluggy-1.6.0-py3-none-any.whl (20 kB)
#9 409.0 Downloading pydantic-2.13.5-py3-none-any.whl (472 kB)
#9 409.0    ━━━━━━━━━━━━━━━━━━━━━━━━━━━━━━━━━━━━━━━━ 472.6/472.6 kB 28.6 MB/s eta 0:00:00
#9 409.1 Downloading pydantic_core-2.46.5-cp312-cp312-manylinux_2_17_x86_64.manylinux2014_x86_64.whl (2.1 MB)
#9 409.1    ━━━━━━━━━━━━━━━━━━━━━━━━━━━━━━━━━━━━━━━━ 2.1/2.1 MB 37.0 MB/s eta 0:00:00
#9 409.2 Downloading pydub-0.25.1-py2.py3-none-any.whl (32 kB)
#9 409.3 Downloading pygments-2.21.0-py3-none-any.whl (1.3 MB)
#9 409.3    ━━━━━━━━━━━━━━━━━━━━━━━━━━━━━━━━━━━━━━━━ 1.3/1.3 MB 40.2 MB/s eta 0:00:00
#9 409.4 Downloading python_multipart-0.0.32-py3-none-any.whl (30 kB)
#9 409.4 Downloading pytz-2026.4-py2.py3-none-any.whl (506 kB)
#9 409.5    ━━━━━━━━━━━━━━━━━━━━━━━━━━━━━━━━━━━━━━━━ 506.7/506.7 kB 36.3 MB/s eta 0:00:00
#9 409.5 Downloading pyyaml-6.0.3-cp312-cp312-manylinux2014_x86_64.manylinux_2_17_x86_64.manylinux_2_28_x86_64.whl (807 kB)
#9 409.5    ━━━━━━━━━━━━━━━━━━━━━━━━━━━━━━━━━━━━━━━━ 807.9/807.9 kB 41.8 MB/s eta 0:00:00
#9 409.6 Downloading requests-2.34.2-py3-none-any.whl (73 kB)
#9 409.6    ━━━━━━━━━━━━━━━━━━━━━━━━━━━━━━━━━━━━━━━━ 73.1/73.1 kB 15.6 MB/s eta 0:00:00
#9 409.7 Downloading safehttpx-0.1.7-py3-none-any.whl (9.0 kB)
#9 409.8 Downloading semantic_version-2.10.0-py2.py3-none-any.whl (15 kB)
#9 409.8 Downloading starlette-1.7.0-py3-none-any.whl (78 kB)
#9 409.8    ━━━━━━━━━━━━━━━━━━━━━━━━━━━━━━━━━━━━━━━━ 79.0/79.0 kB 19.9 MB/s eta 0:00:00
#9 409.9 Downloading tomlkit-0.14.0-py3-none-any.whl (39 kB)
#9 410.0 Downloading tqdm-4.70.1-py3-none-any.whl (80 kB)
#9 410.0    ━━━━━━━━━━━━━━━━━━━━━━━━━━━━━━━━━━━━━━━━ 80.2/80.2 kB 26.7 MB/s eta 0:00:00
#9 410.0 Downloading typer-0.27.2-py3-none-any.whl (123 kB)
#9 410.1    ━━━━━━━━━━━━━━━━━━━━━━━━━━━━━━━━━━━━━━━━ 123.1/123.1 kB 18.5 MB/s eta 0:00:00
#9 410.1 Downloading typing_extensions-4.16.0-py3-none-any.whl (45 kB)
#9 410.1    ━━━━━━━━━━━━━━━━━━━━━━━━━━━━━━━━━━━━━━━━ 45.6/45.6 kB 10.6 MB/s eta 0:00:00
#9 410.5 Downloading urllib3-2.8.0-py3-none-any.whl (135 kB)
#9 410.5    ━━━━━━━━━━━━━━━━━━━━━━━━━━━━━━━━━━━━━━━━ 135.7/135.7 kB 30.9 MB/s eta 0:00:00
#9 410.5 Downloading uvicorn-0.53.0-py3-none-any.whl (87 kB)
#9 410.5    ━━━━━━━━━━━━━━━━━━━━━━━━━━━━━━━━━━━━━━━━ 87.1/87.1 kB 13.5 MB/s eta 0:00:00
#9 410.6 Downloading einops-0.8.2-py3-none-any.whl (65 kB)
#9 410.6    ━━━━━━━━━━━━━━━━━━━━━━━━━━━━━━━━━━━━━━━━ 65.6/65.6 kB 14.6 MB/s eta 0:00:00
#9 410.7 Downloading librosa-1.0.0-py3-none-any.whl (294 kB)
#9 410.7    ━━━━━━━━━━━━━━━━━━━━━━━━━━━━━━━━━━━━━━━━ 294.6/294.6 kB 31.9 MB/s eta 0:00:00
#9 410.8 Downloading onnxruntime-1.30.0-cp312-cp312-manylinux_2_28_x86_64.whl (23.6 MB)
#9 411.9    ━━━━━━━━━━━━━━━━━━━━━━━━━━━━━━━━━━━━━━━━ 23.6/23.6 MB 17.4 MB/s eta 0:00:00
#9 411.9 Downloading annotated_doc-0.0.5-py3-none-any.whl (5.3 kB)
#9 412.0 Downloading annotated_types-0.8.0-py3-none-any.whl (13 kB)
#9 412.1 Downloading certifi-2026.7.22-py3-none-any.whl (136 kB)
#9 412.1    ━━━━━━━━━━━━━━━━━━━━━━━━━━━━━━━━━━━━━━━━ 137.0/137.0 kB 18.6 MB/s eta 0:00:00
#9 412.1 Downloading charset_normalizer-3.5.1-cp312-cp312-manylinux2014_x86_64.manylinux_2_17_x86_64.manylinux_2_28_x86_64.whl (248 kB)
#9 412.1    ━━━━━━━━━━━━━━━━━━━━━━━━━━━━━━━━━━━━━━━━ 248.8/248.8 kB 46.8 MB/s eta 0:00:00
#9 412.2 Downloading click-8.5.0-py3-none-any.whl (125 kB)
#9 412.2    ━━━━━━━━━━━━━━━━━━━━━━━━━━━━━━━━━━━━━━━━ 125.3/125.3 kB 23.1 MB/s eta 0:00:00
#9 412.3 Downloading cryptography-50.0.1-cp311-abi3-manylinux_2_34_x86_64.whl (4.7 MB)
#9 412.4    ━━━━━━━━━━━━━━━━━━━━━━━━━━━━━━━━━━━━━━━━ 4.7/4.7 MB 36.3 MB/s eta 0:00:00
#9 412.5 Downloading decorator-5.3.1-py3-none-any.whl (10 kB)
#9 412.5 Downloading h11-0.16.0-py3-none-any.whl (37 kB)
#9 412.6 Downloading idna-3.20-py3-none-any.whl (69 kB)
#9 412.6    ━━━━━━━━━━━━━━━━━━━━━━━━━━━━━━━━━━━━━━━━ 69.6/69.6 kB 17.7 MB/s eta 0:00:00
#9 412.7 Downloading joblib-1.6.0-py3-none-any.whl (306 kB)
#9 412.7    ━━━━━━━━━━━━━━━━━━━━━━━━━━━━━━━━━━━━━━━━ 306.1/306.1 kB 37.6 MB/s eta 0:00:00
#9 412.8 Downloading lazy_loader-0.6-py3-none-any.whl (8.8 kB)
#9 412.8 Downloading msgpack-1.2.2-cp312-cp312-manylinux2014_x86_64.manylinux_2_17_x86_64.manylinux_2_28_x86_64.whl (420 kB)
#9 412.8    ━━━━━━━━━━━━━━━━━━━━━━━━━━━━━━━━━━━━━━━━ 420.6/420.6 kB 30.7 MB/s eta 0:00:00
#9 412.9 Downloading numba-0.67.0-cp312-cp312-manylinux2014_x86_64.manylinux_2_17_x86_64.whl (3.9 MB)
#9 413.0    ━━━━━━━━━━━━━━━━━━━━━━━━━━━━━━━━━━━━━━━━ 3.9/3.9 MB 38.4 MB/s eta 0:00:00
#9 413.1 Downloading pooch-1.9.0-py3-none-any.whl (67 kB)
#9 413.1    ━━━━━━━━━━━━━━━━━━━━━━━━━━━━━━━━━━━━━━━━ 67.2/67.2 kB 13.5 MB/s eta 0:00:00
#9 413.1 Downloading protobuf-7.36.2-cp310-abi3-manylinux2014_x86_64.whl (343 kB)
#9 413.2    ━━━━━━━━━━━━━━━━━━━━━━━━━━━━━━━━━━━━━━━━ 343.2/343.2 kB 39.5 MB/s eta 0:00:00
#9 413.2 Downloading python_dateutil-2.9.0.post0-py2.py3-none-any.whl (229 kB)
#9 413.2    ━━━━━━━━━━━━━━━━━━━━━━━━━━━━━━━━━━━━━━━━ 229.9/229.9 kB 40.8 MB/s eta 0:00:00
#9 413.3 Downloading regex-2026.9.10-cp312-cp312-manylinux2014_x86_64.manylinux_2_17_x86_64.manylinux_2_28_x86_64.whl (804 kB)
#9 413.3    ━━━━━━━━━━━━━━━━━━━━━━━━━━━━━━━━━━━━━━━━ 804.6/804.6 kB 44.6 MB/s eta 0:00:00
#9 413.4 Downloading rich-15.0.0-py3-none-any.whl (310 kB)
#9 413.4    ━━━━━━━━━━━━━━━━━━━━━━━━━━━━━━━━━━━━━━━━ 310.7/310.7 kB 43.5 MB/s eta 0:00:00
#9 413.5 Downloading safetensors-0.8.0-cp310-abi3-manylinux_2_17_x86_64.manylinux2014_x86_64.whl (516 kB)
#9 413.5    ━━━━━━━━━━━━━━━━━━━━━━━━━━━━━━━━━━━━━━━━ 516.0/516.0 kB 45.1 MB/s eta 0:00:00
#9 413.5 Downloading scikit_learn-1.9.1-cp312-cp312-manylinux_2_27_x86_64.manylinux_2_28_x86_64.whl (9.2 MB)
#9 413.8    ━━━━━━━━━━━━━━━━━━━━━━━━━━━━━━━━━━━━━━━━ 9.2/9.2 MB 30.3 MB/s eta 0:00:00
#9 413.9 Downloading scipy-1.18.1-cp312-cp312-manylinux_2_27_x86_64.manylinux_2_28_x86_64.whl (35.3 MB)
#9 415.8    ━━━━━━━━━━━━━━━━━━━━━━━━━━━━━━━━━━━━━━━━ 35.3/35.3 MB 16.7 MB/s eta 0:00:00
#9 416.1 Downloading shellingham-1.5.4-py2.py3-none-any.whl (9.8 kB)
#9 416.2 Downloading soxr-1.1.0-cp312-abi3-manylinux_2_27_x86_64.manylinux_2_28_x86_64.whl (240 kB)
#9 416.2    ━━━━━━━━━━━━━━━━━━━━━━━━━━━━━━━━━━━━━━━━ 240.4/240.4 kB 22.5 MB/s eta 0:00:00
#9 416.3 Downloading tokenizers-0.22.2-cp39-abi3-manylinux_2_17_x86_64.manylinux2014_x86_64.whl (3.3 MB)
#9 416.4    ━━━━━━━━━━━━━━━━━━━━━━━━━━━━━━━━━━━━━━━━ 3.3/3.3 MB 44.5 MB/s eta 0:00:00
#9 416.4 Downloading typing_inspection-0.4.4-py3-none-any.whl (14 kB)
#9 416.5 Downloading flatbuffers-25.12.19-py2.py3-none-any.whl (26 kB)
#9 416.8 Downloading psutil-7.2.2-cp36-abi3-manylinux2010_x86_64.manylinux_2_12_x86_64.manylinux_2_28_x86_64.whl (155 kB)
#9 416.8    ━━━━━━━━━━━━━━━━━━━━━━━━━━━━━━━━━━━━━━━━ 155.6/155.6 kB 13.3 MB/s eta 0:00:00
#9 416.9 Downloading pycparser-3.0-py3-none-any.whl (48 kB)
#9 416.9    ━━━━━━━━━━━━━━━━━━━━━━━━━━━━━━━━━━━━━━━━ 48.2/48.2 kB 10.6 MB/s eta 0:00:00
#9 417.0 Downloading cloudpickle-3.1.2-py3-none-any.whl (22 kB)
#9 417.1 Downloading llvmlite-0.49.0-cp312-cp312-manylinux2014_x86_64.manylinux_2_17_x86_64.whl (59.9 MB)
#9 420.2    ━━━━━━━━━━━━━━━━━━━━━━━━━━━━━━━━━━━━━━━━ 59.9/59.9 MB 16.1 MB/s eta 0:00:00
#9 420.3 Downloading markdown_it_py-4.2.0-py3-none-any.whl (91 kB)
#9 420.3    ━━━━━━━━━━━━━━━━━━━━━━━━━━━━━━━━━━━━━━━━ 91.7/91.7 kB 7.8 MB/s eta 0:00:00
#9 420.3 Downloading narwhals-2.26.0-py3-none-any.whl (474 kB)
#9 420.3    ━━━━━━━━━━━━━━━━━━━━━━━━━━━━━━━━━━━━━━━━ 474.0/474.0 kB 33.2 MB/s eta 0:00:00
#9 420.4 Downloading platformdirs-4.11.12-py3-none-any.whl (24 kB)
#9 420.5 Downloading six-1.17.0-py2.py3-none-any.whl (11 kB)
#9 420.6 Downloading threadpoolctl-3.7.0-py3-none-any.whl (26 kB)
#9 420.9 Downloading mdurl-0.1.2-py3-none-any.whl (10.0 kB)
#9 421.4 Checking if build backend supports build_editable: started
#9 421.5 Checking if build backend supports build_editable: finished with status 'done'
#9 421.5 Building wheels for collected packages: qwen3-tts-rocm, sox
#9 421.5   Building editable for qwen3-tts-rocm (pyproject.toml): started
#9 421.7   Building editable for qwen3-tts-rocm (pyproject.toml): finished with status 'done'
#9 421.7   Created wheel for qwen3-tts-rocm: filename=qwen3_tts_rocm-0.2.0-0.editable-py3-none-any.whl size=21013 sha256=a0b3ae48d8906d7762b83c2dac6fc7bafe36db665074c2a7f641f540107914aa
#9 421.7   Stored in directory: /tmp/pip-ephem-wheel-cache-_03u0zcy/wheels/b0/41/ab/4e04a8678980f3355548f1261923479fbf2a713a7393a7dea8
#9 421.7   Building wheel for sox (pyproject.toml): started
#9 421.9   Building wheel for sox (pyproject.toml): finished with status 'done'
#9 421.9   Created wheel for sox: filename=sox-1.5.0-py3-none-any.whl size=40128 sha256=0e78ac613287503fce96dd7382334f6e9752da8ed5af727849ad628b6d61a558
#9 421.9   Stored in directory: /root/.cache/pip/wheels/8c/c7/e7/baea1f7e79b9eb53addc81cc9b827424f4a7d8c9cc18c03659
#9 421.9 Successfully built qwen3-tts-rocm sox
#9 422.5 Installing collected packages: pytz, pydub, flatbuffers, brotli, urllib3, typing-extensions, tqdm, tomlkit, threadpoolctl, soxr, six, shellingham, semantic-version, scipy, safetensors, ruff, regex, pyyaml, python-multipart, pygments, pycparser, psutil, protobuf, pluggy, platformdirs, packaging, orjson, narwhals, msgpack, mdurl, llvmlite, iniconfig, idna, hf-xet, h11, groovy, einops, decorator, cloudpickle, click, charset_normalizer, certifi, annotated-types, annotated-doc, uvicorn, typing-inspection, sox, requests, python-dateutil, pytest, pydantic-core, onnxruntime, numba, markdown-it-py, lazy_loader, joblib, httpcore, cffi, anyio, starlette, soundfile, scikit-learn, rich, pydantic, pooch, pandas, huggingface_hub, httpx, cryptography, typer, tokenizers, safehttpx, modelscope-hub, librosa, gradio-client, fastapi, transformers, modelscope, hf-gradio, gradio, accelerate, qwen-tts, qwen3-tts-rocm
#9 422.7   Attempting uninstall: typing-extensions
#9 422.7     Found existing installation: typing_extensions 4.15.0
#9 422.7     Uninstalling typing_extensions-4.15.0:
#9 422.7       Successfully uninstalled typing_extensions-4.15.0
#9 441.3 Successfully installed accelerate-1.12.0 annotated-doc-0.0.5 annotated-types-0.8.0 anyio-4.15.1 brotli-1.2.0 certifi-2026.7.22 cffi-2.1.1 charset_normalizer-3.5.1 click-8.5.0 cloudpickle-3.1.2 cryptography-50.0.1 decorator-5.3.1 einops-0.8.2 fastapi-0.141.1 flatbuffers-25.12.19 gradio-6.17.3 gradio-client-2.5.0 groovy-0.1.2 h11-0.16.0 hf-gradio-0.4.1 hf-xet-1.6.0 httpcore-1.0.9 httpx-0.28.1 huggingface_hub-0.36.2 idna-3.20 iniconfig-2.3.0 joblib-1.6.0 lazy_loader-0.6 librosa-1.0.0 llvmlite-0.49.0 markdown-it-py-4.2.0 mdurl-0.1.2 modelscope-1.40.1 modelscope-hub-0.4.5 msgpack-1.2.2 narwhals-2.26.0 numba-0.67.0 onnxruntime-1.30.0 orjson-3.12.0 packaging-26.3 pandas-3.0.6 platformdirs-4.11.12 pluggy-1.6.0 pooch-1.9.0 protobuf-7.36.2 psutil-7.2.2 pycparser-3.0 pydantic-2.13.5 pydantic-core-2.46.5 pydub-0.25.1 pygments-2.21.0 pytest-9.1.1 python-dateutil-2.9.0.post0 python-multipart-0.0.32 pytz-2026.4 pyyaml-6.0.3 qwen-tts-0.1.1 qwen3-tts-rocm-0.2.0 regex-2026.9.10 requests-2.34.2 rich-15.0.0 ruff-0.16.8 safehttpx-0.1.7 safetensors-0.8.0 scikit-learn-1.9.1 scipy-1.18.1 semantic-version-2.10.0 shellingham-1.5.4 six-1.17.0 soundfile-0.14.0 sox-1.5.0 soxr-1.1.0 starlette-1.7.0 threadpoolctl-3.7.0 tokenizers-0.22.2 tomlkit-0.14.0 tqdm-4.70.1 transformers-4.57.3 typer-0.27.2 typing-extensions-4.16.0 typing-inspection-0.4.4 urllib3-2.8.0 uvicorn-0.53.0
#9 443.3 ==> [verify] skipped (QWEN3_TTS_ROCM_SKIP_VERIFY=1 — container build)
#9 443.3 NEXT: bash scripts/download_models.sh   # six repos ≈18GB (或指定子集: download_models.sh tokenizer custom-voice)
#9 DONE 443.9s

#10 exporting to image
#10 exporting layers
#10 exporting layers 1300.3s done
#10 exporting manifest sha256:b09fc6da6a59f8ec440742fac0390a899a14f66e56ba0aedfff455b2dc9e73b0 0.0s done
#10 exporting config sha256:be91fc431c9010acae08d7f26d25ad208b693306e41b0e6c3aba99c828a04360 done
#10 exporting attestation manifest sha256:26d712c2b837f4f9b54ed84aeb1a3e8e535562639d87dbc3e7b8d39365f83be2 0.0s done
#10 exporting manifest list sha256:1f5d40b9be43ecf6d1f055b015f7851b3df0ae654baa29dc1c83d8582673c2ce done
#10 naming to docker.io/library/qwen3-tts-rocm:gfx1151-e2e done
#10 unpacking to docker.io/library/qwen3-tts-rocm:gfx1151-e2e
#10 unpacking to docker.io/library/qwen3-tts-rocm:gfx1151-e2e 217.3s done
#10 DONE 1517.7s
BUILD_RC=0
